-- --------------------------------------------------------
-- 호스트:                          127.0.0.1
-- 서버 버전:                        10.6.4-MariaDB - mariadb.org binary distribution
-- 서버 OS:                        Win64
-- HeidiSQL 버전:                  11.3.0.6295
-- --------------------------------------------------------

/*!40101 SET @OLD_CHARACTER_SET_CLIENT=@@CHARACTER_SET_CLIENT */;
/*!40101 SET NAMES utf8 */;
/*!50503 SET NAMES utf8mb4 */;
/*!40014 SET @OLD_FOREIGN_KEY_CHECKS=@@FOREIGN_KEY_CHECKS, FOREIGN_KEY_CHECKS=0 */;
/*!40101 SET @OLD_SQL_MODE=@@SQL_MODE, SQL_MODE='NO_AUTO_VALUE_ON_ZERO' */;
/*!40111 SET @OLD_SQL_NOTES=@@SQL_NOTES, SQL_NOTES=0 */;


-- shop 데이터베이스 구조 내보내기
DROP DATABASE IF EXISTS `shop`;
CREATE DATABASE IF NOT EXISTS `shop` /*!40100 DEFAULT CHARACTER SET utf8mb3 */;
USE `shop`;

-- 테이블 shop.category 구조 내보내기
DROP TABLE IF EXISTS `category`;
CREATE TABLE IF NOT EXISTS `category` (
  `category_name` varchar(200) NOT NULL,
  `update_date` datetime NOT NULL,
  `create_date` datetime NOT NULL,
  `category_state` enum('Y','N') NOT NULL,
  PRIMARY KEY (`category_name`)
) ENGINE=InnoDB DEFAULT CHARSET=utf8mb3;

-- 테이블 데이터 shop.category:~7 rows (대략적) 내보내기
DELETE FROM `category`;
/*!40000 ALTER TABLE `category` DISABLE KEYS */;
INSERT INTO `category` (`category_name`, `update_date`, `create_date`, `category_state`) VALUES
	('경제', '2021-09-17 15:13:58', '2021-09-17 15:13:59', 'Y'),
	('만화', '2021-09-17 15:13:22', '2021-09-17 15:13:23', 'Y'),
	('미술', '2021-09-23 13:17:32', '2021-09-17 17:28:50', 'Y'),
	('소설', '2021-09-17 15:13:09', '2021-09-17 15:13:10', 'Y'),
	('여행', '2021-09-17 15:13:53', '2021-09-17 15:13:54', 'Y'),
	('외국어', '2021-09-17 15:14:42', '2021-09-17 15:14:42', 'Y'),
	('종교', '2021-09-17 17:27:39', '2021-09-17 17:27:39', 'Y');
/*!40000 ALTER TABLE `category` ENABLE KEYS */;

-- 테이블 shop.ebook 구조 내보내기
DROP TABLE IF EXISTS `ebook`;
CREATE TABLE IF NOT EXISTS `ebook` (
  `ebook_no` int(11) NOT NULL AUTO_INCREMENT,
  `ebook_isbn` char(13) NOT NULL,
  `category_name` varchar(50) NOT NULL,
  `ebook_title` varchar(50) NOT NULL,
  `ebook_author` varchar(50) NOT NULL,
  `ebook_company` varchar(50) NOT NULL,
  `ebook_page_count` int(11) NOT NULL,
  `ebook_price` int(11) NOT NULL,
  `ebook_img` varchar(50) NOT NULL,
  `ebook_summary` text NOT NULL,
  `ebook_state` enum('판매중','품절','절판','구편절판') NOT NULL,
  `create_date` datetime NOT NULL,
  `update_date` datetime NOT NULL,
  PRIMARY KEY (`ebook_no`),
  KEY `FK_ebook_category` (`category_name`),
  CONSTRAINT `FK_ebook_category` FOREIGN KEY (`category_name`) REFERENCES `category` (`category_name`) ON DELETE NO ACTION ON UPDATE NO ACTION
) ENGINE=InnoDB AUTO_INCREMENT=1001 DEFAULT CHARSET=utf8mb3;

-- 테이블 데이터 shop.ebook:~1,000 rows (대략적) 내보내기
DELETE FROM `ebook`;
/*!40000 ALTER TABLE `ebook` DISABLE KEYS */;
INSERT INTO `ebook` (`ebook_no`, `ebook_isbn`, `category_name`, `ebook_title`, `ebook_author`, `ebook_company`, `ebook_page_count`, `ebook_price`, `ebook_img`, `ebook_summary`, `ebook_state`, `create_date`, `update_date`) VALUES
	(1, '313025204-5', '종교', 'Tin', 'Tammie', 'Shufflebeat', 764, 22333, 'noimage.png', 'dignissim vestibulum vestibulum ante ipsum primis in faucibus orci luctus et ultrices posuere cubilia curae', '판매중', '2020-12-09 00:00:00', '2021-09-23 00:00:00'),
	(2, '602868749-9', '종교', 'It', 'Jerrilee', 'Livetube', 626, 19832, 'noimage.png', 'ultrices aliquet maecenas leo odio condimentum id luctus nec molestie sed justo', '구편절판', '2020-12-21 00:00:00', '2021-09-23 00:00:00'),
	(3, '155255289-6', '여행', 'Fintone', 'Hermia', 'Thoughtmix', 841, 11769, 'noimage.png', 'non ligula pellentesque ultrices phasellus id sapien in sapien iaculis congue vivamus metus arcu adipiscing molestie hendrerit', '판매중', '2021-05-12 00:00:00', '2021-09-23 00:00:00'),
	(4, '342334441-5', '여행', 'Namfix', 'Tera', 'Voonder', 131, 29822, 'noimage.png', 'curae duis faucibus accumsan odio curabitur convallis duis consequat dui nec nisi volutpat eleifend', '절판', '2021-08-07 00:00:00', '2021-09-23 00:00:00'),
	(5, '800740015-X', '만화', 'Span', 'Roldan', 'Meedoo', 987, 9713, 'noimage.png', 'id luctus nec molestie sed justo pellentesque viverra pede ac diam cras pellentesque volutpat dui maecenas tristique est', '절판', '2021-09-06 00:00:00', '2021-09-23 00:00:00'),
	(6, '057228380-6', '소설', 'Zathin', 'Jemmie', 'Bluezoom', 963, 27483, 'noimage.png', 'nec nisi volutpat eleifend donec ut dolor morbi vel lectus in quam fringilla rhoncus mauris', '품절', '2020-11-03 00:00:00', '2021-09-23 00:00:00'),
	(7, '213214994-1', '여행', 'Solarbreeze', 'Giuseppe', 'Kanoodle', 386, 27278, 'noimage.png', 'dolor sit amet consectetuer adipiscing elit proin interdum mauris non ligula pellentesque ultrices phasellus', '절판', '2021-05-01 00:00:00', '2021-09-23 00:00:00'),
	(8, '154213836-1', '종교', 'Ventosanzap', 'Beaufort', 'Tekfly', 493, 17245, 'noimage.png', 'nulla eget eros elementum pellentesque quisque porta volutpat erat quisque erat eros viverra eget congue eget semper rutrum nulla nunc', '판매중', '2020-11-28 00:00:00', '2021-09-23 00:00:00'),
	(9, '924361015-5', '여행', 'Span', 'Alano', 'Aimbo', 822, 24762, 'noimage.png', 'eget elit sodales scelerisque mauris sit amet eros suspendisse accumsan tortor quis turpis sed ante vivamus tortor', '절판', '2021-02-19 00:00:00', '2021-09-23 00:00:00'),
	(10, '336711318-2', '외국어', 'Bigtax', 'Leighton', 'Kwideo', 726, 29832, 'noimage.png', 'et ultrices posuere cubilia curae nulla dapibus dolor vel est donec odio justo sollicitudin', '절판', '2021-05-07 00:00:00', '2021-09-23 00:00:00'),
	(11, '526410467-0', '소설', 'Ventosanzap', 'Blaire', 'Fadeo', 661, 20071, 'noimage.png', 'dictumst etiam faucibus cursus urna ut tellus nulla ut erat id', '구편절판', '2021-07-24 00:00:00', '2021-09-23 00:00:00'),
	(12, '501042963-2', '종교', 'Sub-Ex', 'Mark', 'Yacero', 553, 19593, 'noimage.png', 'sit amet nulla quisque arcu libero rutrum ac lobortis vel dapibus at diam', '절판', '2020-12-21 00:00:00', '2021-09-23 00:00:00'),
	(13, '538127261-8', '여행', 'Span', 'Abdul', 'Babbleblab', 140, 19238, 'noimage.png', 'turpis adipiscing lorem vitae mattis nibh ligula nec sem duis aliquam convallis nunc', '절판', '2021-02-17 00:00:00', '2021-09-23 00:00:00'),
	(14, '373983548-6', '미술', 'Quo Lux', 'Jamal', 'Ailane', 406, 25111, 'noimage.png', 'tellus nisi eu orci mauris lacinia sapien quis libero nullam sit amet turpis elementum ligula vehicula consequat', '절판', '2021-07-09 00:00:00', '2021-09-23 00:00:00'),
	(15, '027705648-9', '여행', 'Fixflex', 'Noe', 'Jaloo', 123, 5863, 'noimage.png', 'venenatis lacinia aenean sit amet justo morbi ut odio cras mi', '구편절판', '2020-09-28 00:00:00', '2021-09-23 00:00:00'),
	(16, '460055221-0', '경제', 'Subin', 'Ira', 'Mydeo', 347, 15711, 'noimage.png', 'ante ipsum primis in faucibus orci luctus et ultrices posuere cubilia curae mauris viverra diam vitae', '절판', '2020-12-17 00:00:00', '2021-09-23 00:00:00'),
	(17, '791985879-8', '여행', 'Bamity', 'Anni', 'Shuffletag', 850, 10836, 'noimage.png', 'eu mi nulla ac enim in tempor turpis nec euismod scelerisque quam turpis adipiscing lorem', '품절', '2021-08-12 00:00:00', '2021-09-23 00:00:00'),
	(18, '748247036-0', '소설', 'Pannier', 'Bertie', 'Skidoo', 796, 25348, 'noimage.png', 'donec semper sapien a libero nam dui proin leo odio porttitor id consequat in', '절판', '2021-05-16 00:00:00', '2021-09-23 00:00:00'),
	(19, '386549331-9', '미술', 'Tampflex', 'Mayor', 'Edgetag', 974, 18401, 'noimage.png', 'fusce lacus purus aliquet at feugiat non pretium quis lectus suspendisse potenti in eleifend quam a odio in hac habitasse', '판매중', '2020-10-25 00:00:00', '2021-09-23 00:00:00'),
	(20, '451167607-0', '만화', 'Veribet', 'Nicholle', 'Quaxo', 906, 6480, 'noimage.png', 'vitae nisi nam ultrices libero non mattis pulvinar nulla pede ullamcorper augue a suscipit', '판매중', '2021-03-19 00:00:00', '2021-09-23 00:00:00'),
	(21, '922472332-2', '미술', 'Keylex', 'Mauricio', 'Skiba', 422, 23771, 'noimage.png', 'risus semper porta volutpat quam pede lobortis ligula sit amet eleifend pede libero quis orci nullam', '절판', '2021-04-21 00:00:00', '2021-09-23 00:00:00'),
	(22, '281112338-5', '소설', 'Tempsoft', 'Callida', 'Dablist', 666, 14664, 'noimage.png', 'lacinia eget tincidunt eget tempus vel pede morbi porttitor lorem id ligula suspendisse ornare consequat lectus in est', '판매중', '2021-04-22 00:00:00', '2021-09-23 00:00:00'),
	(23, '565653972-5', '미술', 'Cardguard', 'Gal', 'Feedspan', 198, 17087, 'noimage.png', 'morbi vestibulum velit id pretium iaculis diam erat fermentum justo nec condimentum neque', '구편절판', '2020-12-04 00:00:00', '2021-09-23 00:00:00'),
	(24, '968602101-9', '여행', 'Stronghold', 'Jonell', 'Minyx', 799, 11060, 'noimage.png', 'mauris laoreet ut rhoncus aliquet pulvinar sed nisl nunc rhoncus dui vel sem sed', '판매중', '2020-11-04 00:00:00', '2021-09-23 00:00:00'),
	(25, '141200832-8', '경제', 'Greenlam', 'Odella', 'Thoughtworks', 151, 25358, 'noimage.png', 'vel sem sed sagittis nam congue risus semper porta volutpat quam pede lobortis ligula sit amet eleifend pede libero quis', '품절', '2021-05-12 00:00:00', '2021-09-23 00:00:00'),
	(26, '265244692-4', '여행', 'Voltsillam', 'Fleurette', 'Mynte', 332, 5872, 'noimage.png', 'elementum eu interdum eu tincidunt in leo maecenas pulvinar lobortis est phasellus sit amet', '품절', '2020-11-26 00:00:00', '2021-09-23 00:00:00'),
	(27, '914108391-1', '종교', 'Bamity', 'Bartram', 'LiveZ', 884, 28129, 'noimage.png', 'blandit mi in porttitor pede justo eu massa donec dapibus duis at velit eu est congue elementum in hac habitasse', '품절', '2021-07-19 00:00:00', '2021-09-23 00:00:00'),
	(28, '260154731-6', '여행', 'Regrant', 'Fee', 'Vipe', 303, 21525, 'noimage.png', 'eget eros elementum pellentesque quisque porta volutpat erat quisque erat eros', '절판', '2021-08-23 00:00:00', '2021-09-23 00:00:00'),
	(29, '645857867-9', '미술', 'Transcof', 'Nissa', 'Miboo', 719, 28960, 'noimage.png', 'phasellus in felis donec semper sapien a libero nam dui proin leo odio porttitor id consequat in', '절판', '2021-03-13 00:00:00', '2021-09-23 00:00:00'),
	(30, '554116873-2', '소설', 'Bigtax', 'Ursa', 'Twimm', 642, 28852, 'noimage.png', 'penatibus et magnis dis parturient montes nascetur ridiculus mus etiam vel augue vestibulum rutrum rutrum neque', '절판', '2020-09-30 00:00:00', '2021-09-23 00:00:00'),
	(31, '927757342-2', '여행', 'Tin', 'Vernon', 'Feednation', 193, 11622, 'noimage.png', 'ante vivamus tortor duis mattis egestas metus aenean fermentum donec ut mauris eget massa tempor convallis', '품절', '2020-11-20 00:00:00', '2021-09-23 00:00:00'),
	(32, '787509771-1', '미술', 'Quo Lux', 'Benny', 'Photolist', 731, 21903, 'noimage.png', 'integer ac neque duis bibendum morbi non quam nec dui luctus rutrum nulla', '구편절판', '2020-12-02 00:00:00', '2021-09-23 00:00:00'),
	(33, '651913361-2', '외국어', 'Tin', 'Fleurette', 'Skynoodle', 336, 24050, 'noimage.png', 'lorem quisque ut erat curabitur gravida nisi at nibh in hac habitasse platea', '절판', '2020-11-02 00:00:00', '2021-09-23 00:00:00'),
	(34, '208815537-6', '경제', 'Tres-Zap', 'Celestine', 'Jabbersphere', 198, 20977, 'noimage.png', 'ac nulla sed vel enim sit amet nunc viverra dapibus nulla suscipit ligula in lacus curabitur at ipsum', '품절', '2020-10-18 00:00:00', '2021-09-23 00:00:00'),
	(35, '209555609-7', '소설', 'Rank', 'Jolyn', 'Oyonder', 742, 5446, 'noimage.png', 'nec nisi vulputate nonummy maecenas tincidunt lacus at velit vivamus vel nulla eget', '판매중', '2021-06-21 00:00:00', '2021-09-23 00:00:00'),
	(36, '715397626-4', '종교', 'Zoolab', 'Umberto', 'Meembee', 900, 27739, 'noimage.png', 'scelerisque quam turpis adipiscing lorem vitae mattis nibh ligula nec sem duis aliquam convallis nunc proin at turpis a', '판매중', '2021-07-17 00:00:00', '2021-09-23 00:00:00'),
	(37, '140742469-6', '소설', 'Opela', 'Corbin', 'Zoomdog', 171, 16328, 'noimage.png', 'quam pede lobortis ligula sit amet eleifend pede libero quis orci', '구편절판', '2021-04-10 00:00:00', '2021-09-23 00:00:00'),
	(38, '069720508-8', '만화', 'Trippledex', 'Gabriello', 'Einti', 800, 5028, 'noimage.png', 'ligula suspendisse ornare consequat lectus in est risus auctor sed tristique in tempus sit amet sem fusce consequat nulla', '품절', '2021-03-26 00:00:00', '2021-09-23 00:00:00'),
	(39, '926339460-1', '여행', 'Flexidy', 'Jeanette', 'Gabtype', 505, 25810, 'noimage.png', 'feugiat et eros vestibulum ac est lacinia nisi venenatis tristique fusce congue diam id ornare', '절판', '2021-07-26 00:00:00', '2021-09-23 00:00:00'),
	(40, '550342737-8', '경제', 'Sonsing', 'Clarita', 'Twitterbeat', 997, 19938, 'noimage.png', 'ut volutpat sapien arcu sed augue aliquam erat volutpat in congue etiam justo etiam', '판매중', '2020-12-28 00:00:00', '2021-09-23 00:00:00'),
	(41, '567861547-5', '종교', 'Bamity', 'Marta', 'Meetz', 299, 18109, 'noimage.png', 'lorem id ligula suspendisse ornare consequat lectus in est risus', '판매중', '2021-07-05 00:00:00', '2021-09-23 00:00:00'),
	(42, '315057694-6', '경제', 'Fintone', 'Gaylor', 'Voomm', 534, 7923, 'noimage.png', 'vehicula consequat morbi a ipsum integer a nibh in quis justo maecenas rhoncus aliquam', '품절', '2021-06-29 00:00:00', '2021-09-23 00:00:00'),
	(43, '923502673-3', '미술', 'Ventosanzap', 'Thatcher', 'Quinu', 953, 15567, 'noimage.png', 'sed tincidunt eu felis fusce posuere felis sed lacus morbi sem mauris laoreet ut', '절판', '2021-07-04 00:00:00', '2021-09-23 00:00:00'),
	(44, '325880221-1', '소설', 'Regrant', 'Jaime', 'Zooveo', 986, 19792, 'noimage.png', 'elementum pellentesque quisque porta volutpat erat quisque erat eros viverra', '절판', '2021-07-09 00:00:00', '2021-09-23 00:00:00'),
	(45, '184091176-X', '종교', 'Aerified', 'Free', 'Yakitri', 850, 7685, 'noimage.png', 'sapien sapien non mi integer ac neque duis bibendum morbi non quam nec dui luctus rutrum nulla', '판매중', '2021-07-13 00:00:00', '2021-09-23 00:00:00'),
	(46, '016747134-1', '소설', 'Andalax', 'Reggie', 'Buzzdog', 803, 12663, 'noimage.png', 'pretium quis lectus suspendisse potenti in eleifend quam a odio in hac habitasse', '구편절판', '2021-02-14 00:00:00', '2021-09-23 00:00:00'),
	(47, '689118793-1', '경제', 'Bitwolf', 'Anthea', 'Eamia', 744, 20936, 'noimage.png', 'id ornare imperdiet sapien urna pretium nisl ut volutpat sapien arcu sed augue aliquam erat volutpat in', '품절', '2020-09-27 00:00:00', '2021-09-23 00:00:00'),
	(48, '585312960-0', '여행', 'Bitchip', 'Eben', 'Skinder', 911, 20821, 'noimage.png', 'elementum pellentesque quisque porta volutpat erat quisque erat eros viverra eget congue eget', '판매중', '2021-02-12 00:00:00', '2021-09-23 00:00:00'),
	(49, '707758866-1', '종교', 'Zaam-Dox', 'Nikita', 'Zoomcast', 714, 12180, 'noimage.png', 'posuere cubilia curae mauris viverra diam vitae quam suspendisse potenti nullam porttitor lacus', '구편절판', '2020-11-06 00:00:00', '2021-09-23 00:00:00'),
	(50, '789054890-7', '경제', 'Transcof', 'Marylou', 'Youopia', 394, 26498, 'noimage.png', 'sit amet cursus id turpis integer aliquet massa id lobortis convallis tortor risus dapibus augue vel accumsan tellus nisi', '품절', '2021-04-11 00:00:00', '2021-09-23 00:00:00'),
	(51, '561816679-8', '미술', 'Rank', 'Noah', 'Buzzdog', 383, 14149, 'noimage.png', 'amet nulla quisque arcu libero rutrum ac lobortis vel dapibus at diam nam', '구편절판', '2020-10-13 00:00:00', '2021-09-23 00:00:00'),
	(52, '286101932-8', '소설', 'Fintone', 'Vachel', 'Zoonoodle', 140, 9400, 'noimage.png', 'sed justo pellentesque viverra pede ac diam cras pellentesque volutpat dui maecenas tristique est et tempus', '구편절판', '2020-12-06 00:00:00', '2021-09-23 00:00:00'),
	(53, '704508976-7', '종교', 'Toughjoyfax', 'Peria', 'Yodoo', 354, 15850, 'noimage.png', 'orci luctus et ultrices posuere cubilia curae donec pharetra magna vestibulum aliquet ultrices erat tortor sollicitudin mi sit amet', '판매중', '2021-03-26 00:00:00', '2021-09-23 00:00:00'),
	(54, '847162416-8', '여행', 'Tres-Zap', 'Kathye', 'Twimbo', 468, 6165, 'noimage.png', 'cras mi pede malesuada in imperdiet et commodo vulputate justo in blandit ultrices enim lorem ipsum dolor', '판매중', '2021-01-21 00:00:00', '2021-09-23 00:00:00'),
	(55, '954727262-4', '소설', 'Bitchip', 'Stevie', 'Photofeed', 748, 26315, 'noimage.png', 'congue vivamus metus arcu adipiscing molestie hendrerit at vulputate vitae nisl aenean lectus pellentesque eget nunc donec quis', '판매중', '2021-08-17 00:00:00', '2021-09-23 00:00:00'),
	(56, '820335042-9', '소설', 'Transcof', 'Adrien', 'Quamba', 740, 29012, 'noimage.png', 'est quam pharetra magna ac consequat metus sapien ut nunc vestibulum ante ipsum primis in faucibus', '판매중', '2020-12-28 00:00:00', '2021-09-23 00:00:00'),
	(57, '532696318-3', '외국어', 'Holdlamis', 'Wolf', 'Fiveclub', 332, 7001, 'noimage.png', 'elementum nullam varius nulla facilisi cras non velit nec nisi vulputate', '절판', '2021-05-11 00:00:00', '2021-09-23 00:00:00'),
	(58, '600246785-8', '여행', 'Tres-Zap', 'Ravid', 'Tagfeed', 933, 29793, 'noimage.png', 'maecenas tristique est et tempus semper est quam pharetra magna ac consequat', '품절', '2020-10-27 00:00:00', '2021-09-23 00:00:00'),
	(59, '889727557-5', '경제', 'Alpha', 'Pieter', 'Nlounge', 655, 10732, 'noimage.png', 'ac nulla sed vel enim sit amet nunc viverra dapibus nulla suscipit ligula in lacus curabitur at', '구편절판', '2020-10-25 00:00:00', '2021-09-23 00:00:00'),
	(60, '288347603-9', '미술', 'Ronstring', 'Jillene', 'Gigaclub', 955, 15317, 'noimage.png', 'vestibulum eget vulputate ut ultrices vel augue vestibulum ante ipsum primis in faucibus', '절판', '2021-03-31 00:00:00', '2021-09-23 00:00:00'),
	(61, '423074696-2', '외국어', 'Span', 'Corbett', 'Tagopia', 361, 26502, 'noimage.png', 'at velit eu est congue elementum in hac habitasse platea dictumst morbi vestibulum velit id pretium iaculis diam', '판매중', '2021-04-24 00:00:00', '2021-09-23 00:00:00'),
	(62, '074353240-6', '미술', 'Asoka', 'Holden', 'Riffpedia', 372, 6490, 'noimage.png', 'primis in faucibus orci luctus et ultrices posuere cubilia curae nulla dapibus dolor', '품절', '2021-07-16 00:00:00', '2021-09-23 00:00:00'),
	(63, '920652422-4', '여행', 'Biodex', 'Tansy', 'Jetpulse', 173, 11763, 'noimage.png', 'cum sociis natoque penatibus et magnis dis parturient montes nascetur ridiculus mus', '품절', '2021-08-16 00:00:00', '2021-09-23 00:00:00'),
	(64, '936918923-8', '외국어', 'Redhold', 'Clem', 'Dynabox', 248, 7778, 'noimage.png', 'sapien varius ut blandit non interdum in ante vestibulum ante ipsum primis in faucibus orci luctus', '품절', '2021-04-19 00:00:00', '2021-09-23 00:00:00'),
	(65, '501849354-2', '소설', 'Konklab', 'Margret', 'Browsebug', 551, 20071, 'noimage.png', 'justo nec condimentum neque sapien placerat ante nulla justo aliquam quis turpis', '판매중', '2020-12-04 00:00:00', '2021-09-23 00:00:00'),
	(66, '183744598-2', '외국어', 'Bitwolf', 'Birch', 'Realpoint', 897, 24684, 'noimage.png', 'imperdiet nullam orci pede venenatis non sodales sed tincidunt eu felis fusce posuere felis sed lacus morbi', '구편절판', '2021-07-18 00:00:00', '2021-09-23 00:00:00'),
	(67, '077665060-2', '외국어', 'Zaam-Dox', 'Gratiana', 'Avaveo', 842, 9321, 'noimage.png', 'mi integer ac neque duis bibendum morbi non quam nec dui luctus rutrum nulla tellus in sagittis', '품절', '2021-09-21 00:00:00', '2021-09-23 00:00:00'),
	(68, '122457829-5', '외국어', 'Zamit', 'Fern', 'Brainverse', 339, 24337, 'noimage.png', 'sapien non mi integer ac neque duis bibendum morbi non quam nec dui luctus rutrum nulla tellus', '품절', '2021-06-29 00:00:00', '2021-09-23 00:00:00'),
	(69, '514691577-6', '만화', 'Domainer', 'Debee', 'Twitterwire', 143, 29897, 'noimage.png', 'eu sapien cursus vestibulum proin eu mi nulla ac enim in tempor turpis nec euismod scelerisque', '구편절판', '2021-06-16 00:00:00', '2021-09-23 00:00:00'),
	(70, '742991093-9', '만화', 'Holdlamis', 'Ursala', 'Voonix', 629, 17073, 'noimage.png', 'interdum venenatis turpis enim blandit mi in porttitor pede justo eu massa donec', '판매중', '2020-09-26 00:00:00', '2021-09-23 00:00:00'),
	(71, '271315836-2', '만화', 'Viva', 'Alphard', 'Kaymbo', 904, 20044, 'noimage.png', 'quam sollicitudin vitae consectetuer eget rutrum at lorem integer tincidunt ante vel ipsum', '판매중', '2021-04-15 00:00:00', '2021-09-23 00:00:00'),
	(72, '623692878-9', '외국어', 'Zontrax', 'Gaylord', 'Babblestorm', 114, 13210, 'noimage.png', 'ante vestibulum ante ipsum primis in faucibus orci luctus et ultrices posuere', '구편절판', '2021-06-01 00:00:00', '2021-09-23 00:00:00'),
	(73, '659997907-6', '만화', 'Voyatouch', 'Kat', 'Yambee', 798, 13152, 'noimage.png', 'elit proin interdum mauris non ligula pellentesque ultrices phasellus id sapien in sapien iaculis congue', '절판', '2021-08-12 00:00:00', '2021-09-23 00:00:00'),
	(74, '461853097-9', '외국어', 'Namfix', 'Constantino', 'Einti', 201, 24313, 'noimage.png', 'aliquet ultrices erat tortor sollicitudin mi sit amet lobortis sapien sapien non mi integer', '판매중', '2021-04-27 00:00:00', '2021-09-23 00:00:00'),
	(75, '161335103-8', '종교', 'Latlux', 'Petr', 'Bluezoom', 771, 15798, 'noimage.png', 'praesent lectus vestibulum quam sapien varius ut blandit non interdum in', '절판', '2021-02-06 00:00:00', '2021-09-23 00:00:00'),
	(76, '203755015-4', '만화', 'Duobam', 'Theodore', 'Roodel', 875, 27419, 'noimage.png', 'sagittis nam congue risus semper porta volutpat quam pede lobortis ligula sit amet eleifend', '판매중', '2021-07-14 00:00:00', '2021-09-23 00:00:00'),
	(77, '004032522-9', '외국어', 'Alphazap', 'Marys', 'Skinte', 413, 19758, 'noimage.png', 'non velit donec diam neque vestibulum eget vulputate ut ultrices vel augue vestibulum ante ipsum primis in faucibus orci', '절판', '2021-02-07 00:00:00', '2021-09-23 00:00:00'),
	(78, '343563617-3', '외국어', 'Matsoft', 'Jed', 'Twitterbeat', 873, 10509, 'noimage.png', 'dui maecenas tristique est et tempus semper est quam pharetra magna ac consequat metus sapien', '품절', '2020-11-08 00:00:00', '2021-09-23 00:00:00'),
	(79, '976520642-9', '여행', 'Stim', 'Garald', 'Izio', 430, 17587, 'noimage.png', 'id pretium iaculis diam erat fermentum justo nec condimentum neque sapien placerat ante nulla justo aliquam quis turpis eget elit', '품절', '2021-05-14 00:00:00', '2021-09-23 00:00:00'),
	(80, '338139280-8', '만화', 'Stim', 'Christabella', 'Yombu', 421, 27645, 'noimage.png', 'felis sed lacus morbi sem mauris laoreet ut rhoncus aliquet pulvinar sed nisl nunc rhoncus dui vel', '판매중', '2021-04-14 00:00:00', '2021-09-23 00:00:00'),
	(81, '373852799-0', '종교', 'Tampflex', 'Orly', 'Skinix', 834, 21474, 'noimage.png', 'diam erat fermentum justo nec condimentum neque sapien placerat ante nulla justo', '절판', '2021-05-07 00:00:00', '2021-09-23 00:00:00'),
	(82, '730314638-5', '종교', 'Gembucket', 'Charlotta', 'Cogilith', 313, 23094, 'noimage.png', 'cum sociis natoque penatibus et magnis dis parturient montes nascetur ridiculus mus vivamus vestibulum sagittis sapien', '판매중', '2021-03-31 00:00:00', '2021-09-23 00:00:00'),
	(83, '531488046-6', '경제', 'Cookley', 'Delores', 'Centimia', 160, 11688, 'noimage.png', 'a nibh in quis justo maecenas rhoncus aliquam lacus morbi quis tortor id nulla ultrices aliquet maecenas leo', '구편절판', '2021-07-17 00:00:00', '2021-09-23 00:00:00'),
	(84, '308271386-6', '경제', 'Mat Lam Tam', 'Asa', 'Layo', 537, 17968, 'noimage.png', 'donec diam neque vestibulum eget vulputate ut ultrices vel augue', '판매중', '2020-10-15 00:00:00', '2021-09-23 00:00:00'),
	(85, '965295474-8', '경제', 'Stringtough', 'Othilia', 'Buzzshare', 809, 22131, 'noimage.png', 'lorem integer tincidunt ante vel ipsum praesent blandit lacinia erat vestibulum sed magna at nunc commodo placerat praesent', '구편절판', '2021-04-15 00:00:00', '2021-09-23 00:00:00'),
	(86, '694592958-2', '소설', 'Domainer', 'Marilyn', 'Mynte', 744, 12750, 'noimage.png', 'et ultrices posuere cubilia curae duis faucibus accumsan odio curabitur convallis duis consequat dui nec nisi volutpat eleifend donec ut', '판매중', '2021-05-01 00:00:00', '2021-09-23 00:00:00'),
	(87, '685319985-5', '소설', 'Zathin', 'Arvin', 'Demizz', 462, 16088, 'noimage.png', 'porttitor lorem id ligula suspendisse ornare consequat lectus in est risus auctor sed', '구편절판', '2020-09-27 00:00:00', '2021-09-23 00:00:00'),
	(88, '273286964-3', '소설', 'Home Ing', 'Charmine', 'Thoughtstorm', 867, 29221, 'noimage.png', 'eleifend donec ut dolor morbi vel lectus in quam fringilla rhoncus', '구편절판', '2020-12-17 00:00:00', '2021-09-23 00:00:00'),
	(89, '185323926-7', '소설', 'Quo Lux', 'Leonelle', 'Jabbertype', 602, 27255, 'noimage.png', 'lacinia erat vestibulum sed magna at nunc commodo placerat praesent blandit nam nulla integer pede justo lacinia eget tincidunt eget', '절판', '2021-07-20 00:00:00', '2021-09-23 00:00:00'),
	(90, '464516297-7', '만화', 'Flexidy', 'Octavius', 'Divape', 253, 18491, 'noimage.png', 'vivamus in felis eu sapien cursus vestibulum proin eu mi nulla ac enim in', '절판', '2021-05-25 00:00:00', '2021-09-23 00:00:00'),
	(91, '671502390-5', '경제', 'Zontrax', 'Astrid', 'Leenti', 490, 19829, 'noimage.png', 'in faucibus orci luctus et ultrices posuere cubilia curae donec pharetra magna vestibulum aliquet', '판매중', '2021-08-13 00:00:00', '2021-09-23 00:00:00'),
	(92, '154297959-5', '미술', 'Stim', 'Hanna', 'Cogidoo', 657, 10160, 'noimage.png', 'urna ut tellus nulla ut erat id mauris vulputate elementum nullam varius nulla facilisi cras non velit', '구편절판', '2021-01-14 00:00:00', '2021-09-23 00:00:00'),
	(93, '322686788-1', '여행', 'Cardify', 'Candis', 'Devpoint', 467, 25018, 'noimage.png', 'luctus nec molestie sed justo pellentesque viverra pede ac diam', '품절', '2020-10-18 00:00:00', '2021-09-23 00:00:00'),
	(94, '396837532-7', '종교', 'Konklux', 'Giuditta', 'Blogpad', 255, 6216, 'noimage.png', 'quis augue luctus tincidunt nulla mollis molestie lorem quisque ut erat curabitur gravida nisi', '판매중', '2020-10-03 00:00:00', '2021-09-23 00:00:00'),
	(95, '658943035-7', '미술', 'Treeflex', 'Alanna', 'Topicblab', 852, 13682, 'noimage.png', 'ante nulla justo aliquam quis turpis eget elit sodales scelerisque mauris sit amet eros suspendisse accumsan tortor quis', '절판', '2020-12-14 00:00:00', '2021-09-23 00:00:00'),
	(96, '367226699-X', '만화', 'Voltsillam', 'Yvor', 'Yozio', 797, 5042, 'noimage.png', 'vehicula consequat morbi a ipsum integer a nibh in quis justo maecenas rhoncus aliquam', '절판', '2020-10-07 00:00:00', '2021-09-23 00:00:00'),
	(97, '116915762-9', '만화', 'Rank', 'Phoebe', 'Demizz', 550, 20854, 'noimage.png', 'sagittis sapien cum sociis natoque penatibus et magnis dis parturient montes nascetur ridiculus mus etiam', '구편절판', '2021-07-09 00:00:00', '2021-09-23 00:00:00'),
	(98, '153237572-7', '외국어', 'Bitwolf', 'Millard', 'Yodoo', 557, 27875, 'noimage.png', 'tortor id nulla ultrices aliquet maecenas leo odio condimentum id luctus nec molestie sed justo pellentesque', '구편절판', '2021-01-30 00:00:00', '2021-09-23 00:00:00'),
	(99, '459495588-6', '만화', 'Lotlux', 'Adham', 'Tagopia', 287, 15878, 'noimage.png', 'nec dui luctus rutrum nulla tellus in sagittis dui vel nisl duis', '품절', '2021-03-11 00:00:00', '2021-09-23 00:00:00'),
	(100, '002391925-6', '미술', 'Y-find', 'Emma', 'BlogXS', 540, 13991, 'noimage.png', 'augue vel accumsan tellus nisi eu orci mauris lacinia sapien', '판매중', '2021-05-28 00:00:00', '2021-09-23 00:00:00'),
	(101, '728330694-3', '만화', 'Stim', 'Mordecai', 'Babbleset', 360, 25309, 'noimage.png', 'at lorem integer tincidunt ante vel ipsum praesent blandit lacinia erat', '절판', '2021-09-17 00:00:00', '2021-09-23 00:00:00'),
	(102, '937300766-1', '소설', 'Lotlux', 'Arlan', 'Youtags', 596, 19490, 'noimage.png', 'aliquam non mauris morbi non lectus aliquam sit amet diam in magna bibendum imperdiet nullam orci', '구편절판', '2021-06-23 00:00:00', '2021-09-23 00:00:00'),
	(103, '658961061-4', '경제', 'Alphazap', 'Elnora', 'Fliptune', 343, 11254, 'noimage.png', 'cubilia curae nulla dapibus dolor vel est donec odio justo sollicitudin ut suscipit a feugiat', '구편절판', '2021-02-06 00:00:00', '2021-09-23 00:00:00'),
	(104, '867977878-8', '소설', 'Tresom', 'Annabel', 'Aibox', 925, 11884, 'noimage.png', 'posuere cubilia curae duis faucibus accumsan odio curabitur convallis duis consequat dui nec nisi volutpat eleifend donec ut dolor', '절판', '2020-11-14 00:00:00', '2021-09-23 00:00:00'),
	(105, '465534661-2', '종교', 'Sub-Ex', 'Wallie', 'Livetube', 413, 22741, 'noimage.png', 'tempor convallis nulla neque libero convallis eget eleifend luctus ultricies eu nibh quisque id', '절판', '2021-01-12 00:00:00', '2021-09-23 00:00:00'),
	(106, '507947235-9', '종교', 'Zaam-Dox', 'Rebe', 'Tavu', 983, 12376, 'noimage.png', 'augue vestibulum rutrum rutrum neque aenean auctor gravida sem praesent id massa id nisl venenatis lacinia aenean', '구편절판', '2021-08-01 00:00:00', '2021-09-23 00:00:00'),
	(107, '295497028-6', '만화', 'Overhold', 'Wandis', 'Flashspan', 277, 16605, 'noimage.png', 'penatibus et magnis dis parturient montes nascetur ridiculus mus vivamus vestibulum', '품절', '2021-01-10 00:00:00', '2021-09-23 00:00:00'),
	(108, '310314032-0', '소설', 'Asoka', 'Roxanne', 'Yadel', 731, 25832, 'noimage.png', 'nisi vulputate nonummy maecenas tincidunt lacus at velit vivamus vel nulla', '절판', '2020-10-29 00:00:00', '2021-09-23 00:00:00'),
	(109, '260461916-4', '만화', 'Bitchip', 'Latashia', 'Wikivu', 867, 20665, 'noimage.png', 'accumsan felis ut at dolor quis odio consequat varius integer ac leo pellentesque ultrices mattis odio donec vitae', '품절', '2021-04-15 00:00:00', '2021-09-23 00:00:00'),
	(110, '682510078-5', '미술', 'Stim', 'Sansone', 'Fivebridge', 674, 16494, 'noimage.png', 'ligula in lacus curabitur at ipsum ac tellus semper interdum mauris ullamcorper purus sit amet nulla quisque arcu libero rutrum', '품절', '2021-05-16 00:00:00', '2021-09-23 00:00:00'),
	(111, '346068119-5', '미술', 'Opela', 'Kristofer', 'Tagtune', 394, 20430, 'noimage.png', 'fusce posuere felis sed lacus morbi sem mauris laoreet ut rhoncus', '판매중', '2021-06-22 00:00:00', '2021-09-23 00:00:00'),
	(112, '020941573-8', '경제', 'Bytecard', 'Bryce', 'Ooba', 619, 12321, 'noimage.png', 'magnis dis parturient montes nascetur ridiculus mus etiam vel augue vestibulum', '품절', '2020-11-26 00:00:00', '2021-09-23 00:00:00'),
	(113, '247598529-1', '외국어', 'Andalax', 'Rea', 'Gabtype', 207, 8067, 'noimage.png', 'sed sagittis nam congue risus semper porta volutpat quam pede lobortis ligula sit amet eleifend pede libero quis orci nullam', '품절', '2021-03-12 00:00:00', '2021-09-23 00:00:00'),
	(114, '520079959-7', '여행', 'Trippledex', 'Alexio', 'Divavu', 985, 13885, 'noimage.png', 'id nisl venenatis lacinia aenean sit amet justo morbi ut odio cras mi pede malesuada in imperdiet et', '절판', '2021-04-09 00:00:00', '2021-09-23 00:00:00'),
	(115, '288892935-X', '미술', 'Toughjoyfax', 'Harmony', 'Tagfeed', 411, 25094, 'noimage.png', 'euismod scelerisque quam turpis adipiscing lorem vitae mattis nibh ligula nec sem duis aliquam convallis nunc proin at turpis a', '품절', '2021-06-06 00:00:00', '2021-09-23 00:00:00'),
	(116, '401370271-1', '소설', 'Andalax', 'Bertrand', 'Oyoloo', 191, 26879, 'noimage.png', 'est et tempus semper est quam pharetra magna ac consequat metus', '구편절판', '2021-09-06 00:00:00', '2021-09-23 00:00:00'),
	(117, '072016220-3', '외국어', 'Asoka', 'Laurie', 'Jabbercube', 903, 18979, 'noimage.png', 'dui proin leo odio porttitor id consequat in consequat ut nulla sed', '절판', '2021-04-19 00:00:00', '2021-09-23 00:00:00'),
	(118, '559335870-2', '여행', 'Kanlam', 'Ernestine', 'Tagchat', 939, 9246, 'noimage.png', 'nulla tellus in sagittis dui vel nisl duis ac nibh fusce lacus purus aliquet', '절판', '2021-03-06 00:00:00', '2021-09-23 00:00:00'),
	(119, '758240715-6', '경제', 'Cardguard', 'Jimmy', 'Browsebug', 347, 23835, 'noimage.png', 'ut tellus nulla ut erat id mauris vulputate elementum nullam varius nulla facilisi', '절판', '2021-05-11 00:00:00', '2021-09-23 00:00:00'),
	(120, '635608738-2', '종교', 'Bigtax', 'Minetta', 'Bubblemix', 553, 17808, 'noimage.png', 'primis in faucibus orci luctus et ultrices posuere cubilia curae donec pharetra', '판매중', '2021-09-22 00:00:00', '2021-09-23 00:00:00'),
	(121, '609599654-6', '미술', 'Tampflex', 'Correna', 'Meezzy', 460, 11983, 'noimage.png', 'semper interdum mauris ullamcorper purus sit amet nulla quisque arcu libero rutrum ac lobortis vel', '절판', '2021-01-13 00:00:00', '2021-09-23 00:00:00'),
	(122, '080020966-4', '외국어', 'Latlux', 'Ashleigh', 'Skyba', 821, 29859, 'noimage.png', 'nulla mollis molestie lorem quisque ut erat curabitur gravida nisi at nibh', '품절', '2021-07-06 00:00:00', '2021-09-23 00:00:00'),
	(123, '716740782-8', '미술', 'Domainer', 'Lisha', 'Fadeo', 419, 18391, 'noimage.png', 'molestie sed justo pellentesque viverra pede ac diam cras pellentesque volutpat dui maecenas tristique est et', '절판', '2021-08-15 00:00:00', '2021-09-23 00:00:00'),
	(124, '416499848-2', '미술', 'Job', 'Forster', 'Topicshots', 966, 11085, 'noimage.png', 'id luctus nec molestie sed justo pellentesque viverra pede ac diam cras', '절판', '2020-11-20 00:00:00', '2021-09-23 00:00:00'),
	(125, '636890903-X', '여행', 'Home Ing', 'Homere', 'Voonder', 677, 18739, 'noimage.png', 'dolor morbi vel lectus in quam fringilla rhoncus mauris enim leo rhoncus sed vestibulum sit amet cursus id turpis', '구편절판', '2021-05-27 00:00:00', '2021-09-23 00:00:00'),
	(126, '251718538-7', '경제', 'Temp', 'Glyn', 'Demivee', 137, 21214, 'noimage.png', 'massa quis augue luctus tincidunt nulla mollis molestie lorem quisque ut erat curabitur gravida', '품절', '2021-05-08 00:00:00', '2021-09-23 00:00:00'),
	(127, '599751759-4', '외국어', 'Tin', 'Jamima', 'Jaloo', 495, 22533, 'noimage.png', 'nisl duis bibendum felis sed interdum venenatis turpis enim blandit mi in porttitor pede justo', '구편절판', '2020-10-18 00:00:00', '2021-09-23 00:00:00'),
	(128, '705520291-4', '경제', 'Redhold', 'Viva', 'Yodel', 956, 29244, 'noimage.png', 'nulla sed accumsan felis ut at dolor quis odio consequat varius', '품절', '2021-04-25 00:00:00', '2021-09-23 00:00:00'),
	(129, '865636235-6', '경제', 'Temp', 'Eleanora', 'Rhyloo', 386, 28517, 'noimage.png', 'dolor morbi vel lectus in quam fringilla rhoncus mauris enim leo rhoncus sed vestibulum sit amet cursus id turpis integer', '판매중', '2021-01-06 00:00:00', '2021-09-23 00:00:00'),
	(130, '766591239-7', '만화', 'Tres-Zap', 'Maddi', 'Babblestorm', 485, 20848, 'noimage.png', 'hac habitasse platea dictumst maecenas ut massa quis augue luctus tincidunt nulla mollis molestie lorem quisque', '판매중', '2021-03-12 00:00:00', '2021-09-23 00:00:00'),
	(131, '872406212-X', '소설', 'Tres-Zap', 'Benedetta', 'Skipfire', 205, 22781, 'noimage.png', 'lorem quisque ut erat curabitur gravida nisi at nibh in', '절판', '2020-11-01 00:00:00', '2021-09-23 00:00:00'),
	(132, '743532477-9', '만화', 'Zamit', 'Nevins', 'Blogpad', 846, 11585, 'noimage.png', 'est et tempus semper est quam pharetra magna ac consequat metus', '절판', '2021-09-20 00:00:00', '2021-09-23 00:00:00'),
	(133, '396814962-9', '미술', 'Tres-Zap', 'Nicol', 'Devshare', 101, 18565, 'noimage.png', 'et ultrices posuere cubilia curae donec pharetra magna vestibulum aliquet ultrices erat tortor sollicitudin mi sit amet lobortis sapien sapien', '구편절판', '2021-09-10 00:00:00', '2021-09-23 00:00:00'),
	(134, '277183013-2', '소설', 'Redhold', 'Port', 'Centidel', 459, 17342, 'noimage.png', 'volutpat eleifend donec ut dolor morbi vel lectus in quam fringilla rhoncus mauris', '절판', '2020-12-11 00:00:00', '2021-09-23 00:00:00'),
	(135, '918378710-0', '종교', 'Konklab', 'Dorrie', 'Yombu', 828, 20154, 'noimage.png', 'erat vestibulum sed magna at nunc commodo placerat praesent blandit nam nulla integer pede', '절판', '2020-12-30 00:00:00', '2021-09-23 00:00:00'),
	(136, '052804651-9', '외국어', 'Solarbreeze', 'Lombard', 'Fivechat', 368, 19233, 'noimage.png', 'ut erat curabitur gravida nisi at nibh in hac habitasse platea', '판매중', '2021-06-08 00:00:00', '2021-09-23 00:00:00'),
	(137, '416279874-5', '미술', 'Mat Lam Tam', 'Alanah', 'Blognation', 804, 20480, 'noimage.png', 'orci vehicula condimentum curabitur in libero ut massa volutpat convallis morbi odio odio elementum', '판매중', '2020-11-22 00:00:00', '2021-09-23 00:00:00'),
	(138, '397300510-9', '소설', 'Zathin', 'Lanae', 'Skippad', 457, 12895, 'noimage.png', 'iaculis congue vivamus metus arcu adipiscing molestie hendrerit at vulputate vitae nisl aenean lectus pellentesque', '구편절판', '2020-12-31 00:00:00', '2021-09-23 00:00:00'),
	(139, '088834399-X', '여행', 'Subin', 'Gilburt', 'Oyoba', 264, 20671, 'noimage.png', 'feugiat et eros vestibulum ac est lacinia nisi venenatis tristique fusce congue diam id ornare imperdiet sapien urna', '판매중', '2021-09-02 00:00:00', '2021-09-23 00:00:00'),
	(140, '686831119-2', '외국어', 'Trippledex', 'Abbie', 'Podcat', 734, 7008, 'noimage.png', 'vel lectus in quam fringilla rhoncus mauris enim leo rhoncus sed vestibulum sit amet cursus id turpis integer aliquet massa', '절판', '2021-07-19 00:00:00', '2021-09-23 00:00:00'),
	(141, '335482617-7', '만화', 'Alphazap', 'Jaime', 'Lazz', 599, 29753, 'noimage.png', 'id lobortis convallis tortor risus dapibus augue vel accumsan tellus nisi eu orci mauris lacinia sapien quis libero nullam', '판매중', '2021-01-31 00:00:00', '2021-09-23 00:00:00'),
	(142, '752268838-8', '종교', 'Voltsillam', 'Olag', 'Fliptune', 870, 22804, 'noimage.png', 'suspendisse accumsan tortor quis turpis sed ante vivamus tortor duis mattis egestas metus aenean fermentum', '구편절판', '2021-02-10 00:00:00', '2021-09-23 00:00:00'),
	(143, '650468306-9', '소설', 'Pannier', 'Pearl', 'Gevee', 326, 19056, 'noimage.png', 'faucibus accumsan odio curabitur convallis duis consequat dui nec nisi volutpat eleifend donec ut dolor morbi vel', '품절', '2021-08-14 00:00:00', '2021-09-23 00:00:00'),
	(144, '518164321-3', '경제', 'Domainer', 'Bernard', 'Blogspan', 974, 26841, 'noimage.png', 'ultrices aliquet maecenas leo odio condimentum id luctus nec molestie sed justo', '구편절판', '2021-04-15 00:00:00', '2021-09-23 00:00:00'),
	(145, '367938813-6', '외국어', 'It', 'Storm', 'Oodoo', 364, 9833, 'noimage.png', 'nulla dapibus dolor vel est donec odio justo sollicitudin ut suscipit a', '판매중', '2020-10-31 00:00:00', '2021-09-23 00:00:00'),
	(146, '506547420-6', '외국어', 'Bytecard', 'Pauly', 'Fivespan', 934, 29513, 'noimage.png', 'cras non velit nec nisi vulputate nonummy maecenas tincidunt lacus at velit vivamus vel nulla eget eros elementum', '판매중', '2021-07-29 00:00:00', '2021-09-23 00:00:00'),
	(147, '541941556-9', '미술', 'Treeflex', 'Dimitry', 'Minyx', 601, 5356, 'noimage.png', 'tincidunt nulla mollis molestie lorem quisque ut erat curabitur gravida nisi at nibh in hac habitasse platea dictumst', '품절', '2021-03-14 00:00:00', '2021-09-23 00:00:00'),
	(148, '112155695-7', '소설', 'Latlux', 'Allis', 'Skinder', 723, 22184, 'noimage.png', 'odio elementum eu interdum eu tincidunt in leo maecenas pulvinar', '품절', '2021-01-04 00:00:00', '2021-09-23 00:00:00'),
	(149, '071475078-6', '만화', 'Stronghold', 'Tresa', 'Edgeify', 928, 26482, 'noimage.png', 'ante vestibulum ante ipsum primis in faucibus orci luctus et ultrices posuere cubilia curae duis faucibus accumsan', '품절', '2021-05-06 00:00:00', '2021-09-23 00:00:00'),
	(150, '610761030-8', '외국어', 'Fix San', 'Marcellus', 'Kare', 450, 10734, 'noimage.png', 'eget eleifend luctus ultricies eu nibh quisque id justo sit amet sapien dignissim', '구편절판', '2020-11-10 00:00:00', '2021-09-23 00:00:00'),
	(151, '778012997-7', '경제', 'Stronghold', 'Alicia', 'Skipfire', 383, 25257, 'noimage.png', 'blandit non interdum in ante vestibulum ante ipsum primis in faucibus orci luctus et ultrices posuere cubilia', '판매중', '2021-03-02 00:00:00', '2021-09-23 00:00:00'),
	(152, '547380649-X', '만화', 'Vagram', 'Ailina', 'Kaymbo', 892, 23898, 'noimage.png', 'id nisl venenatis lacinia aenean sit amet justo morbi ut odio cras mi', '품절', '2020-11-22 00:00:00', '2021-09-23 00:00:00'),
	(153, '565855844-1', '소설', 'Bitwolf', 'Fergus', 'Flipstorm', 610, 23494, 'noimage.png', 'eu orci mauris lacinia sapien quis libero nullam sit amet turpis elementum ligula', '판매중', '2021-09-17 00:00:00', '2021-09-23 00:00:00'),
	(154, '283878674-1', '만화', 'Sonsing', 'Rhonda', 'Topiczoom', 533, 28294, 'noimage.png', 'nisl ut volutpat sapien arcu sed augue aliquam erat volutpat in congue etiam justo etiam pretium iaculis justo', '판매중', '2020-12-19 00:00:00', '2021-09-23 00:00:00'),
	(155, '794857528-6', '미술', 'Wrapsafe', 'Darby', 'Gigashots', 280, 5144, 'noimage.png', 'penatibus et magnis dis parturient montes nascetur ridiculus mus vivamus vestibulum sagittis', '품절', '2021-03-22 00:00:00', '2021-09-23 00:00:00'),
	(156, '977687255-7', '종교', 'Zathin', 'Renata', 'Gabspot', 584, 18035, 'noimage.png', 'auctor sed tristique in tempus sit amet sem fusce consequat nulla nisl nunc nisl duis bibendum felis sed interdum', '구편절판', '2020-12-19 00:00:00', '2021-09-23 00:00:00'),
	(157, '727631928-8', '만화', 'Lotstring', 'Stillmann', 'Topiczoom', 769, 17771, 'noimage.png', 'euismod scelerisque quam turpis adipiscing lorem vitae mattis nibh ligula nec sem duis aliquam convallis nunc', '판매중', '2020-11-09 00:00:00', '2021-09-23 00:00:00'),
	(158, '153075316-3', '만화', 'Stringtough', 'Shelley', 'Twinte', 722, 23979, 'noimage.png', 'sit amet erat nulla tempus vivamus in felis eu sapien cursus vestibulum proin', '구편절판', '2021-04-04 00:00:00', '2021-09-23 00:00:00'),
	(159, '602602476-X', '소설', 'Konklab', 'Maryl', 'Snaptags', 330, 17780, 'noimage.png', 'libero convallis eget eleifend luctus ultricies eu nibh quisque id justo sit amet sapien dignissim vestibulum vestibulum ante ipsum primis', '구편절판', '2021-09-04 00:00:00', '2021-09-23 00:00:00'),
	(160, '380475990-4', '만화', 'Flexidy', 'Emmy', 'Thoughtsphere', 240, 21171, 'noimage.png', 'in sagittis dui vel nisl duis ac nibh fusce lacus purus aliquet at feugiat non pretium', '절판', '2021-02-18 00:00:00', '2021-09-23 00:00:00'),
	(161, '674398770-0', '소설', 'Otcom', 'August', 'Browsecat', 607, 19337, 'noimage.png', 'scelerisque quam turpis adipiscing lorem vitae mattis nibh ligula nec', '절판', '2020-12-20 00:00:00', '2021-09-23 00:00:00'),
	(162, '058390423-8', '외국어', 'Prodder', 'Joycelin', 'Pixonyx', 927, 20460, 'noimage.png', 'accumsan tortor quis turpis sed ante vivamus tortor duis mattis egestas metus aenean fermentum donec ut', '판매중', '2020-12-18 00:00:00', '2021-09-23 00:00:00'),
	(163, '822053562-8', '외국어', 'Stim', 'Abbott', 'Zoombox', 706, 25307, 'noimage.png', 'a feugiat et eros vestibulum ac est lacinia nisi venenatis tristique fusce congue diam id ornare imperdiet sapien urna pretium', '절판', '2020-12-03 00:00:00', '2021-09-23 00:00:00'),
	(164, '034523805-2', '여행', 'Zathin', 'Huey', 'Zava', 994, 23058, 'noimage.png', 'adipiscing molestie hendrerit at vulputate vitae nisl aenean lectus pellentesque eget nunc donec quis', '구편절판', '2021-02-08 00:00:00', '2021-09-23 00:00:00'),
	(165, '459465498-3', '미술', 'Viva', 'Roda', 'Edgewire', 130, 16458, 'noimage.png', 'non lectus aliquam sit amet diam in magna bibendum imperdiet nullam orci', '판매중', '2020-10-09 00:00:00', '2021-09-23 00:00:00'),
	(166, '542413081-X', '종교', 'Wrapsafe', 'Thorn', 'Gabtune', 499, 11210, 'noimage.png', 'vestibulum ac est lacinia nisi venenatis tristique fusce congue diam id ornare imperdiet sapien urna pretium', '절판', '2020-10-01 00:00:00', '2021-09-23 00:00:00'),
	(167, '621935727-2', '소설', 'Solarbreeze', 'Raychel', 'Layo', 716, 6157, 'noimage.png', 'condimentum neque sapien placerat ante nulla justo aliquam quis turpis eget', '절판', '2020-11-26 00:00:00', '2021-09-23 00:00:00'),
	(168, '668140565-7', '미술', 'Veribet', 'Loria', 'Eimbee', 771, 13201, 'noimage.png', 'massa donec dapibus duis at velit eu est congue elementum in hac', '구편절판', '2021-09-08 00:00:00', '2021-09-23 00:00:00'),
	(169, '672917882-5', '경제', 'Job', 'Dorey', 'Jetpulse', 331, 5270, 'noimage.png', 'vestibulum ac est lacinia nisi venenatis tristique fusce congue diam id ornare imperdiet sapien urna pretium nisl ut', '판매중', '2020-12-27 00:00:00', '2021-09-23 00:00:00'),
	(170, '509462494-6', '경제', 'Asoka', 'Son', 'Avavee', 208, 16457, 'noimage.png', 'hendrerit at vulputate vitae nisl aenean lectus pellentesque eget nunc donec quis', '판매중', '2021-04-12 00:00:00', '2021-09-23 00:00:00'),
	(171, '626364043-X', '만화', 'Alpha', 'Hillyer', 'Riffpedia', 264, 11659, 'noimage.png', 'volutpat erat quisque erat eros viverra eget congue eget semper rutrum nulla nunc purus phasellus', '구편절판', '2021-03-15 00:00:00', '2021-09-23 00:00:00'),
	(172, '421604795-5', '경제', 'Biodex', 'Desiri', 'Skynoodle', 120, 19889, 'noimage.png', 'suspendisse accumsan tortor quis turpis sed ante vivamus tortor duis', '절판', '2020-11-25 00:00:00', '2021-09-23 00:00:00'),
	(173, '332821924-2', '경제', 'Konklab', 'Prince', 'Wikizz', 415, 26205, 'noimage.png', 'gravida nisi at nibh in hac habitasse platea dictumst aliquam augue quam sollicitudin vitae consectetuer eget rutrum at', '구편절판', '2020-12-27 00:00:00', '2021-09-23 00:00:00'),
	(174, '333468387-7', '여행', 'Rank', 'Loni', 'Realbridge', 481, 24517, 'noimage.png', 'eros viverra eget congue eget semper rutrum nulla nunc purus phasellus', '구편절판', '2021-01-29 00:00:00', '2021-09-23 00:00:00'),
	(175, '751616074-1', '소설', 'Matsoft', 'Gretal', 'Reallinks', 361, 26863, 'noimage.png', 'est lacinia nisi venenatis tristique fusce congue diam id ornare imperdiet sapien urna pretium nisl ut volutpat sapien arcu sed', '품절', '2020-11-23 00:00:00', '2021-09-23 00:00:00'),
	(176, '883008551-0', '소설', 'Solarbreeze', 'Maribeth', 'Dynazzy', 490, 22826, 'noimage.png', 'eleifend donec ut dolor morbi vel lectus in quam fringilla rhoncus mauris enim leo rhoncus sed vestibulum sit amet cursus', '절판', '2021-08-20 00:00:00', '2021-09-23 00:00:00'),
	(177, '881008029-7', '소설', 'Pannier', 'Claiborn', 'Eabox', 407, 14349, 'noimage.png', 'adipiscing elit proin interdum mauris non ligula pellentesque ultrices phasellus id sapien in sapien iaculis congue vivamus metus', '절판', '2021-04-24 00:00:00', '2021-09-23 00:00:00'),
	(178, '185367415-X', '외국어', 'Opela', 'Dael', 'Quire', 567, 12380, 'noimage.png', 'odio odio elementum eu interdum eu tincidunt in leo maecenas pulvinar lobortis est phasellus sit', '품절', '2020-11-27 00:00:00', '2021-09-23 00:00:00'),
	(179, '315286730-1', '만화', 'Voltsillam', 'Lawton', 'Skalith', 420, 11887, 'noimage.png', 'viverra pede ac diam cras pellentesque volutpat dui maecenas tristique est et tempus', '판매중', '2021-02-11 00:00:00', '2021-09-23 00:00:00'),
	(180, '554795969-3', '소설', 'Zontrax', 'Torre', 'Flashpoint', 170, 22807, 'noimage.png', 'nisl venenatis lacinia aenean sit amet justo morbi ut odio cras mi pede malesuada in', '구편절판', '2021-05-06 00:00:00', '2021-09-23 00:00:00'),
	(181, '165034788-X', '외국어', 'Vagram', 'Tatiania', 'Zazio', 765, 26834, 'noimage.png', 'venenatis turpis enim blandit mi in porttitor pede justo eu massa donec dapibus duis at velit eu', '품절', '2021-03-19 00:00:00', '2021-09-23 00:00:00'),
	(182, '732689671-2', '만화', 'Tres-Zap', 'Harry', 'Dabvine', 482, 25378, 'noimage.png', 'eu est congue elementum in hac habitasse platea dictumst morbi vestibulum velit id', '절판', '2021-01-06 00:00:00', '2021-09-23 00:00:00'),
	(183, '586579697-6', '종교', 'Cookley', 'Elianore', 'Zoovu', 987, 14411, 'noimage.png', 'lobortis convallis tortor risus dapibus augue vel accumsan tellus nisi', '구편절판', '2021-09-12 00:00:00', '2021-09-23 00:00:00'),
	(184, '440569488-5', '종교', 'Solarbreeze', 'Ulysses', 'Twitterlist', 326, 14570, 'noimage.png', 'purus aliquet at feugiat non pretium quis lectus suspendisse potenti in eleifend quam a odio in hac', '절판', '2021-09-13 00:00:00', '2021-09-23 00:00:00'),
	(185, '747746268-1', '미술', 'Transcof', 'Blaire', 'Riffpedia', 438, 24649, 'noimage.png', 'sit amet diam in magna bibendum imperdiet nullam orci pede venenatis', '구편절판', '2021-06-30 00:00:00', '2021-09-23 00:00:00'),
	(186, '485760167-2', '경제', 'Matsoft', 'Corliss', 'Lazz', 135, 10055, 'noimage.png', 'vel sem sed sagittis nam congue risus semper porta volutpat', '구편절판', '2021-07-17 00:00:00', '2021-09-23 00:00:00'),
	(187, '853451305-8', '여행', 'Sonair', 'Bealle', 'Tagchat', 278, 19737, 'noimage.png', 'vel est donec odio justo sollicitudin ut suscipit a feugiat', '판매중', '2021-02-21 00:00:00', '2021-09-23 00:00:00'),
	(188, '789804717-6', '경제', 'Tresom', 'Gan', 'Topicstorm', 331, 29803, 'noimage.png', 'ante ipsum primis in faucibus orci luctus et ultrices posuere cubilia curae duis faucibus accumsan odio curabitur convallis', '판매중', '2021-03-20 00:00:00', '2021-09-23 00:00:00'),
	(189, '707770721-0', '여행', 'Pannier', 'Web', 'Yozio', 284, 6662, 'noimage.png', 'quisque erat eros viverra eget congue eget semper rutrum nulla nunc purus phasellus in felis donec semper sapien', '품절', '2021-07-31 00:00:00', '2021-09-23 00:00:00'),
	(190, '357731451-6', '만화', 'Ventosanzap', 'Beitris', 'Centidel', 990, 13196, 'noimage.png', 'hac habitasse platea dictumst maecenas ut massa quis augue luctus tincidunt', '구편절판', '2020-12-31 00:00:00', '2021-09-23 00:00:00'),
	(191, '414171106-3', '외국어', 'Cardify', 'Lena', 'Meevee', 484, 10498, 'noimage.png', 'nunc nisl duis bibendum felis sed interdum venenatis turpis enim blandit mi in porttitor pede justo eu massa', '절판', '2021-08-29 00:00:00', '2021-09-23 00:00:00'),
	(192, '776959825-7', '경제', 'Vagram', 'Inigo', 'Youbridge', 796, 9940, 'noimage.png', 'nullam porttitor lacus at turpis donec posuere metus vitae ipsum aliquam non mauris morbi non lectus aliquam sit amet diam', '절판', '2021-04-27 00:00:00', '2021-09-23 00:00:00'),
	(193, '276263032-0', '여행', 'Gembucket', 'Rene', 'Devpulse', 806, 20939, 'noimage.png', 'porta volutpat erat quisque erat eros viverra eget congue eget semper rutrum', '절판', '2021-03-15 00:00:00', '2021-09-23 00:00:00'),
	(194, '969725962-3', '미술', 'Cardguard', 'Tomkin', 'Eidel', 765, 22268, 'noimage.png', 'ut ultrices vel augue vestibulum ante ipsum primis in faucibus orci luctus et ultrices', '판매중', '2020-12-25 00:00:00', '2021-09-23 00:00:00'),
	(195, '179879090-4', '만화', 'Toughjoyfax', 'Alvin', 'Zoonder', 277, 7678, 'noimage.png', 'id lobortis convallis tortor risus dapibus augue vel accumsan tellus nisi eu orci mauris lacinia sapien quis', '절판', '2020-11-04 00:00:00', '2021-09-23 00:00:00'),
	(196, '573328131-6', '소설', 'Prodder', 'Storm', 'JumpXS', 847, 17605, 'noimage.png', 'diam neque vestibulum eget vulputate ut ultrices vel augue vestibulum ante ipsum primis in faucibus orci luctus et ultrices posuere', '절판', '2021-01-26 00:00:00', '2021-09-23 00:00:00'),
	(197, '213116502-1', '종교', 'Flowdesk', 'Jasper', 'Thoughtstorm', 753, 19640, 'noimage.png', 'nunc purus phasellus in felis donec semper sapien a libero', '절판', '2020-11-17 00:00:00', '2021-09-23 00:00:00'),
	(198, '623513216-6', '만화', 'Prodder', 'Timmy', 'Kazio', 792, 19937, 'noimage.png', 'quis libero nullam sit amet turpis elementum ligula vehicula consequat morbi a ipsum', '품절', '2020-10-22 00:00:00', '2021-09-23 00:00:00'),
	(199, '023479252-3', '미술', 'Y-Solowarm', 'Rhodia', 'Skibox', 638, 11969, 'noimage.png', 'ut erat curabitur gravida nisi at nibh in hac habitasse platea dictumst aliquam', '품절', '2021-05-18 00:00:00', '2021-09-23 00:00:00'),
	(200, '665704733-9', '만화', 'Veribet', 'Deva', 'Tazz', 571, 18360, 'noimage.png', 'pede morbi porttitor lorem id ligula suspendisse ornare consequat lectus in est risus auctor sed tristique in tempus', '품절', '2020-10-14 00:00:00', '2021-09-23 00:00:00'),
	(201, '779582111-1', '소설', 'Subin', 'Kalila', 'Livetube', 398, 23050, 'noimage.png', 'quisque ut erat curabitur gravida nisi at nibh in hac habitasse platea', '판매중', '2020-11-21 00:00:00', '2021-09-23 00:00:00'),
	(202, '310601287-0', '종교', 'Tres-Zap', 'Ilene', 'Vinder', 200, 19838, 'noimage.png', 'cursus urna ut tellus nulla ut erat id mauris vulputate', '절판', '2021-02-12 00:00:00', '2021-09-23 00:00:00'),
	(203, '217908433-1', '여행', 'Overhold', 'Pierre', 'Jabbercube', 747, 17860, 'noimage.png', 'ut nunc vestibulum ante ipsum primis in faucibus orci luctus et ultrices', '구편절판', '2021-03-24 00:00:00', '2021-09-23 00:00:00'),
	(204, '802066264-2', '경제', 'Tin', 'Randal', 'Dabvine', 570, 16782, 'noimage.png', 'vulputate luctus cum sociis natoque penatibus et magnis dis parturient montes nascetur ridiculus mus vivamus vestibulum', '품절', '2020-10-24 00:00:00', '2021-09-23 00:00:00'),
	(205, '590444635-7', '만화', 'Subin', 'Kari', 'Plajo', 440, 13380, 'noimage.png', 'tortor risus dapibus augue vel accumsan tellus nisi eu orci mauris lacinia sapien quis libero nullam sit', '구편절판', '2021-04-03 00:00:00', '2021-09-23 00:00:00'),
	(206, '387056842-9', '미술', 'Transcof', 'Meade', 'Ailane', 465, 15627, 'noimage.png', 'curae nulla dapibus dolor vel est donec odio justo sollicitudin ut suscipit', '절판', '2020-12-18 00:00:00', '2021-09-23 00:00:00'),
	(207, '831820997-4', '만화', 'It', 'Ryon', 'Nlounge', 784, 5681, 'noimage.png', 'vel lectus in quam fringilla rhoncus mauris enim leo rhoncus', '품절', '2021-06-08 00:00:00', '2021-09-23 00:00:00'),
	(208, '074488578-7', '경제', 'Ronstring', 'Ashley', 'Voonyx', 319, 11511, 'noimage.png', 'justo lacinia eget tincidunt eget tempus vel pede morbi porttitor lorem id ligula suspendisse', '구편절판', '2021-08-07 00:00:00', '2021-09-23 00:00:00'),
	(209, '393936579-3', '여행', 'Lotstring', 'Louisa', 'Centizu', 740, 13787, 'noimage.png', 'nulla suscipit ligula in lacus curabitur at ipsum ac tellus semper', '품절', '2020-10-12 00:00:00', '2021-09-23 00:00:00'),
	(210, '401857535-1', '미술', 'Y-Solowarm', 'Willem', 'Realpoint', 455, 12025, 'noimage.png', 'tortor duis mattis egestas metus aenean fermentum donec ut mauris eget massa tempor convallis nulla neque', '절판', '2020-09-26 00:00:00', '2021-09-23 00:00:00'),
	(211, '297671986-1', '경제', 'Gembucket', 'Barbie', 'Skipstorm', 564, 25425, 'noimage.png', 'in quam fringilla rhoncus mauris enim leo rhoncus sed vestibulum sit amet', '품절', '2021-09-21 00:00:00', '2021-09-23 00:00:00'),
	(212, '509609896-6', '외국어', 'Cardguard', 'Armin', 'Realpoint', 589, 5248, 'noimage.png', 'quis turpis eget elit sodales scelerisque mauris sit amet eros suspendisse accumsan tortor quis turpis sed ante vivamus tortor duis', '절판', '2020-11-01 00:00:00', '2021-09-23 00:00:00'),
	(213, '465758549-5', '외국어', 'Mat Lam Tam', 'Alida', 'Camido', 689, 29349, 'noimage.png', 'elementum pellentesque quisque porta volutpat erat quisque erat eros viverra eget congue eget semper rutrum nulla nunc purus phasellus in', '판매중', '2021-04-03 00:00:00', '2021-09-23 00:00:00'),
	(214, '155029886-0', '외국어', 'Stringtough', 'Jojo', 'Skidoo', 376, 22690, 'noimage.png', 'leo rhoncus sed vestibulum sit amet cursus id turpis integer aliquet massa id lobortis', '구편절판', '2021-01-17 00:00:00', '2021-09-23 00:00:00'),
	(215, '819234647-1', '외국어', 'Zathin', 'Brigida', 'Babblestorm', 252, 8573, 'noimage.png', 'condimentum curabitur in libero ut massa volutpat convallis morbi odio odio', '절판', '2021-06-11 00:00:00', '2021-09-23 00:00:00'),
	(216, '276828253-7', '외국어', 'Opela', 'Corie', 'Katz', 807, 16454, 'noimage.png', 'nisl nunc nisl duis bibendum felis sed interdum venenatis turpis enim blandit', '판매중', '2021-08-02 00:00:00', '2021-09-23 00:00:00'),
	(217, '571237388-2', '외국어', 'Biodex', 'Pippo', 'Skilith', 712, 27250, 'noimage.png', 'fusce lacus purus aliquet at feugiat non pretium quis lectus suspendisse', '품절', '2021-02-08 00:00:00', '2021-09-23 00:00:00'),
	(218, '962623378-8', '종교', 'Lotstring', 'Yorker', 'Zoomdog', 795, 27300, 'noimage.png', 'suspendisse ornare consequat lectus in est risus auctor sed tristique in tempus sit amet sem', '절판', '2020-11-17 00:00:00', '2021-09-23 00:00:00'),
	(219, '646373766-6', '미술', 'Bytecard', 'Bucky', 'Jabbersphere', 464, 14003, 'noimage.png', 'facilisi cras non velit nec nisi vulputate nonummy maecenas tincidunt lacus at velit vivamus vel nulla', '품절', '2021-06-25 00:00:00', '2021-09-23 00:00:00'),
	(220, '734635319-6', '경제', 'Konklab', 'Bernard', 'Rooxo', 636, 14647, 'noimage.png', 'erat id mauris vulputate elementum nullam varius nulla facilisi cras non velit', '구편절판', '2021-05-08 00:00:00', '2021-09-23 00:00:00'),
	(221, '567293238-X', '외국어', 'Stronghold', 'Hernando', 'Buzzdog', 215, 11941, 'noimage.png', 'tellus nulla ut erat id mauris vulputate elementum nullam varius nulla facilisi cras non velit', '품절', '2020-10-13 00:00:00', '2021-09-23 00:00:00'),
	(222, '110721317-7', '경제', 'Zamit', 'Andrus', 'Browsecat', 547, 14577, 'noimage.png', 'sapien sapien non mi integer ac neque duis bibendum morbi non quam nec dui luctus rutrum', '판매중', '2020-11-14 00:00:00', '2021-09-23 00:00:00'),
	(223, '672171037-4', '만화', 'Tin', 'Victor', 'Edgewire', 374, 6929, 'noimage.png', 'quam sollicitudin vitae consectetuer eget rutrum at lorem integer tincidunt ante vel', '품절', '2021-01-09 00:00:00', '2021-09-23 00:00:00'),
	(224, '647986041-1', '여행', 'Tempsoft', 'Eve', 'Roombo', 375, 19314, 'noimage.png', 'lorem integer tincidunt ante vel ipsum praesent blandit lacinia erat vestibulum sed magna at nunc commodo placerat praesent blandit', '판매중', '2021-07-13 00:00:00', '2021-09-23 00:00:00'),
	(225, '356858391-7', '소설', 'Keylex', 'Alikee', 'Brainlounge', 266, 6644, 'noimage.png', 'tristique est et tempus semper est quam pharetra magna ac consequat metus sapien ut nunc', '품절', '2021-03-10 00:00:00', '2021-09-23 00:00:00'),
	(226, '250167175-9', '경제', 'Latlux', 'Renie', 'Kwimbee', 276, 6272, 'noimage.png', 'sapien cursus vestibulum proin eu mi nulla ac enim in tempor turpis nec euismod scelerisque quam', '절판', '2021-02-08 00:00:00', '2021-09-23 00:00:00'),
	(227, '467456912-5', '종교', 'Duobam', 'Murdock', 'Abata', 659, 21360, 'noimage.png', 'diam id ornare imperdiet sapien urna pretium nisl ut volutpat sapien', '판매중', '2021-08-08 00:00:00', '2021-09-23 00:00:00'),
	(228, '133156867-6', '종교', 'Gembucket', 'Talya', 'Katz', 152, 7658, 'noimage.png', 'mi sit amet lobortis sapien sapien non mi integer ac neque duis bibendum morbi', '절판', '2021-07-04 00:00:00', '2021-09-23 00:00:00'),
	(229, '905891716-9', '미술', 'Andalax', 'Moselle', 'Plajo', 751, 10065, 'noimage.png', 'sapien in sapien iaculis congue vivamus metus arcu adipiscing molestie hendrerit', '절판', '2021-06-29 00:00:00', '2021-09-23 00:00:00'),
	(230, '991739908-9', '소설', 'Konklux', 'Bobbie', 'Pixonyx', 922, 25352, 'noimage.png', 'morbi vestibulum velit id pretium iaculis diam erat fermentum justo nec condimentum neque sapien placerat', '판매중', '2021-05-31 00:00:00', '2021-09-23 00:00:00'),
	(231, '897801521-2', '경제', 'Daltfresh', 'Eolanda', 'Quimba', 951, 11658, 'noimage.png', 'posuere cubilia curae mauris viverra diam vitae quam suspendisse potenti', '판매중', '2021-07-16 00:00:00', '2021-09-23 00:00:00'),
	(232, '197369319-4', '종교', 'Bitwolf', 'Roz', 'Meevee', 360, 29843, 'noimage.png', 'scelerisque quam turpis adipiscing lorem vitae mattis nibh ligula nec sem duis aliquam convallis nunc', '구편절판', '2021-02-14 00:00:00', '2021-09-23 00:00:00'),
	(233, '740026817-1', '소설', 'Pannier', 'Yuri', 'Zoomdog', 818, 27964, 'noimage.png', 'sed accumsan felis ut at dolor quis odio consequat varius integer ac', '품절', '2020-11-26 00:00:00', '2021-09-23 00:00:00'),
	(234, '479727638-X', '경제', 'Wrapsafe', 'Nessi', 'Twitterwire', 687, 8738, 'noimage.png', 'consequat ut nulla sed accumsan felis ut at dolor quis', '절판', '2021-06-05 00:00:00', '2021-09-23 00:00:00'),
	(235, '530716556-0', '외국어', 'Quo Lux', 'Tracy', 'Dabvine', 660, 14990, 'noimage.png', 'sagittis dui vel nisl duis ac nibh fusce lacus purus aliquet at feugiat non pretium', '품절', '2021-05-08 00:00:00', '2021-09-23 00:00:00'),
	(236, '195489011-7', '만화', 'Greenlam', 'Constantina', 'Yodo', 314, 27789, 'noimage.png', 'eleifend pede libero quis orci nullam molestie nibh in lectus pellentesque at nulla suspendisse potenti', '구편절판', '2021-03-01 00:00:00', '2021-09-23 00:00:00'),
	(237, '437948218-9', '소설', 'Treeflex', 'Mandy', 'Quire', 465, 7297, 'noimage.png', 'augue vestibulum rutrum rutrum neque aenean auctor gravida sem praesent id massa', '품절', '2020-12-10 00:00:00', '2021-09-23 00:00:00'),
	(238, '233885758-5', '만화', 'Keylex', 'Demetria', 'Skipfire', 356, 6163, 'noimage.png', 'lobortis convallis tortor risus dapibus augue vel accumsan tellus nisi eu orci', '절판', '2020-11-21 00:00:00', '2021-09-23 00:00:00'),
	(239, '371488519-6', '만화', 'Hatity', 'Brook', 'Youspan', 442, 8753, 'noimage.png', 'aenean lectus pellentesque eget nunc donec quis orci eget orci vehicula condimentum curabitur in libero ut', '절판', '2021-02-28 00:00:00', '2021-09-23 00:00:00'),
	(240, '857118299-X', '만화', 'Transcof', 'Lou', 'Eire', 660, 29578, 'noimage.png', 'pulvinar sed nisl nunc rhoncus dui vel sem sed sagittis nam congue risus semper porta', '품절', '2021-09-08 00:00:00', '2021-09-23 00:00:00'),
	(241, '441530618-7', '만화', 'Voltsillam', 'Murdock', 'Quatz', 301, 28202, 'noimage.png', 'molestie sed justo pellentesque viverra pede ac diam cras pellentesque volutpat dui maecenas tristique est et tempus semper', '절판', '2021-03-27 00:00:00', '2021-09-23 00:00:00'),
	(242, '051563850-1', '만화', 'Konklab', 'Lindon', 'Photobug', 721, 11309, 'noimage.png', 'in faucibus orci luctus et ultrices posuere cubilia curae duis faucibus accumsan odio curabitur convallis duis', '절판', '2020-12-06 00:00:00', '2021-09-23 00:00:00'),
	(243, '266075218-4', '만화', 'Fintone', 'Deborah', 'Vipe', 168, 5439, 'noimage.png', 'cubilia curae mauris viverra diam vitae quam suspendisse potenti nullam porttitor lacus', '구편절판', '2021-09-15 00:00:00', '2021-09-23 00:00:00'),
	(244, '100117874-2', '소설', 'Tempsoft', 'Leeann', 'Photospace', 145, 13100, 'noimage.png', 'mi integer ac neque duis bibendum morbi non quam nec dui luctus rutrum nulla tellus in sagittis', '절판', '2020-10-26 00:00:00', '2021-09-23 00:00:00'),
	(245, '880611631-2', '종교', 'Tin', 'Deeanne', 'Gabvine', 772, 8693, 'noimage.png', 'ipsum aliquam non mauris morbi non lectus aliquam sit amet diam in magna bibendum imperdiet nullam', '판매중', '2021-08-24 00:00:00', '2021-09-23 00:00:00'),
	(246, '145925040-0', '외국어', 'Alphazap', 'Dael', 'Avaveo', 884, 15226, 'noimage.png', 'faucibus orci luctus et ultrices posuere cubilia curae mauris viverra diam vitae quam suspendisse potenti nullam porttitor', '절판', '2021-05-31 00:00:00', '2021-09-23 00:00:00'),
	(247, '231628613-5', '소설', 'Namfix', 'Manya', 'Photobug', 845, 10734, 'noimage.png', 'parturient montes nascetur ridiculus mus vivamus vestibulum sagittis sapien cum sociis natoque penatibus et magnis dis parturient montes nascetur ridiculus', '절판', '2021-04-10 00:00:00', '2021-09-23 00:00:00'),
	(248, '776469639-0', '미술', 'Konklux', 'Mureil', 'Blogpad', 772, 21012, 'noimage.png', 'sapien in sapien iaculis congue vivamus metus arcu adipiscing molestie hendrerit at vulputate vitae nisl aenean lectus pellentesque eget', '절판', '2021-05-30 00:00:00', '2021-09-23 00:00:00'),
	(249, '355947653-4', '외국어', 'Latlux', 'Dagmar', 'Midel', 722, 21954, 'noimage.png', 'aenean sit amet justo morbi ut odio cras mi pede malesuada in', '구편절판', '2021-05-06 00:00:00', '2021-09-23 00:00:00'),
	(250, '312502141-3', '만화', 'Alphazap', 'Lenci', 'Buzzbean', 499, 18116, 'noimage.png', 'nascetur ridiculus mus vivamus vestibulum sagittis sapien cum sociis natoque penatibus et magnis dis parturient montes nascetur ridiculus mus etiam', '품절', '2021-08-22 00:00:00', '2021-09-23 00:00:00'),
	(251, '672306565-4', '종교', 'Cardify', 'Shelly', 'Eimbee', 766, 18113, 'noimage.png', 'ligula vehicula consequat morbi a ipsum integer a nibh in quis justo', '판매중', '2020-12-18 00:00:00', '2021-09-23 00:00:00'),
	(252, '093193512-1', '경제', 'Ventosanzap', 'Kingston', 'Devcast', 518, 27127, 'noimage.png', 'vestibulum velit id pretium iaculis diam erat fermentum justo nec condimentum neque sapien placerat ante nulla', '판매중', '2021-04-28 00:00:00', '2021-09-23 00:00:00'),
	(253, '779340655-9', '소설', 'Sub-Ex', 'Sephira', 'Layo', 666, 21894, 'noimage.png', 'sit amet cursus id turpis integer aliquet massa id lobortis convallis tortor risus dapibus augue vel', '구편절판', '2020-12-14 00:00:00', '2021-09-23 00:00:00'),
	(254, '886773436-9', '미술', 'Biodex', 'Honoria', 'Feedmix', 410, 14744, 'noimage.png', 'tempor convallis nulla neque libero convallis eget eleifend luctus ultricies eu nibh quisque id justo sit', '절판', '2020-12-19 00:00:00', '2021-09-23 00:00:00'),
	(255, '991099280-9', '종교', 'Wrapsafe', 'Selie', 'Oyondu', 544, 7941, 'noimage.png', 'consequat in consequat ut nulla sed accumsan felis ut at dolor quis odio consequat varius', '품절', '2021-06-05 00:00:00', '2021-09-23 00:00:00'),
	(256, '349924048-3', '외국어', 'Trippledex', 'Armando', 'Tagpad', 245, 26785, 'noimage.png', 'sem praesent id massa id nisl venenatis lacinia aenean sit amet justo morbi ut odio cras mi pede malesuada in', '판매중', '2021-02-18 00:00:00', '2021-09-23 00:00:00'),
	(257, '804229188-4', '미술', 'Cookley', 'Sharity', 'Jabberbean', 382, 22765, 'noimage.png', 'sodales sed tincidunt eu felis fusce posuere felis sed lacus morbi', '구편절판', '2021-02-22 00:00:00', '2021-09-23 00:00:00'),
	(258, '415676957-7', '미술', 'Bamity', 'Finn', 'Divanoodle', 155, 28810, 'noimage.png', 'odio consequat varius integer ac leo pellentesque ultrices mattis odio donec vitae nisi nam ultrices libero non mattis', '품절', '2021-04-24 00:00:00', '2021-09-23 00:00:00'),
	(259, '481708817-6', '미술', 'Stringtough', 'Lissie', 'Jetpulse', 870, 26734, 'noimage.png', 'venenatis lacinia aenean sit amet justo morbi ut odio cras mi pede malesuada in imperdiet et', '판매중', '2021-05-19 00:00:00', '2021-09-23 00:00:00'),
	(260, '910396191-5', '종교', 'Zoolab', 'Thornton', 'Bubblebox', 530, 29501, 'noimage.png', 'eget elit sodales scelerisque mauris sit amet eros suspendisse accumsan tortor', '품절', '2021-01-28 00:00:00', '2021-09-23 00:00:00'),
	(261, '130387569-1', '경제', 'Alpha', 'Kerwinn', 'Topicstorm', 671, 7953, 'noimage.png', 'felis sed lacus morbi sem mauris laoreet ut rhoncus aliquet', '품절', '2020-10-30 00:00:00', '2021-09-23 00:00:00'),
	(262, '111276293-0', '여행', 'Solarbreeze', 'Genna', 'Topicshots', 806, 27603, 'noimage.png', 'aliquet ultrices erat tortor sollicitudin mi sit amet lobortis sapien sapien non mi', '판매중', '2021-08-10 00:00:00', '2021-09-23 00:00:00'),
	(263, '092471749-1', '외국어', 'Fintone', 'Urbanus', 'Skilith', 370, 29467, 'noimage.png', 'iaculis congue vivamus metus arcu adipiscing molestie hendrerit at vulputate vitae nisl aenean lectus pellentesque eget nunc donec', '절판', '2021-02-07 00:00:00', '2021-09-23 00:00:00'),
	(264, '006418826-4', '종교', 'Biodex', 'Corinna', 'Skipfire', 515, 15033, 'noimage.png', 'fusce lacus purus aliquet at feugiat non pretium quis lectus suspendisse potenti in eleifend quam a odio in hac', '절판', '2021-08-16 00:00:00', '2021-09-23 00:00:00'),
	(265, '588328599-6', '여행', 'Viva', 'Matthieu', 'Kare', 381, 11232, 'noimage.png', 'suscipit ligula in lacus curabitur at ipsum ac tellus semper interdum mauris ullamcorper purus sit amet nulla quisque arcu', '구편절판', '2021-06-05 00:00:00', '2021-09-23 00:00:00'),
	(266, '517795901-5', '만화', 'Tresom', 'Martha', 'Zoonoodle', 741, 20314, 'noimage.png', 'nibh ligula nec sem duis aliquam convallis nunc proin at turpis a', '절판', '2020-10-17 00:00:00', '2021-09-23 00:00:00'),
	(267, '133924651-1', '미술', 'Latlux', 'Carey', 'Jaxworks', 213, 29955, 'noimage.png', 'vitae nisi nam ultrices libero non mattis pulvinar nulla pede ullamcorper augue a suscipit', '품절', '2021-07-09 00:00:00', '2021-09-23 00:00:00'),
	(268, '530172409-6', '여행', 'Span', 'Theodoric', 'Fanoodle', 311, 28480, 'noimage.png', 'consequat lectus in est risus auctor sed tristique in tempus sit amet sem', '품절', '2021-05-22 00:00:00', '2021-09-23 00:00:00'),
	(269, '327518987-5', '소설', 'Stim', 'Keriann', 'Topiclounge', 183, 22372, 'noimage.png', 'erat quisque erat eros viverra eget congue eget semper rutrum nulla nunc purus phasellus in felis donec', '품절', '2021-06-13 00:00:00', '2021-09-23 00:00:00'),
	(270, '383988764-X', '소설', 'Sonair', 'Melodee', 'Omba', 186, 10807, 'noimage.png', 'natoque penatibus et magnis dis parturient montes nascetur ridiculus mus vivamus vestibulum sagittis sapien cum sociis natoque', '품절', '2021-03-08 00:00:00', '2021-09-23 00:00:00'),
	(271, '041393531-0', '소설', 'Redhold', 'Cicily', 'Tanoodle', 901, 17864, 'noimage.png', 'mauris lacinia sapien quis libero nullam sit amet turpis elementum ligula vehicula consequat morbi a ipsum integer a nibh', '판매중', '2021-08-18 00:00:00', '2021-09-23 00:00:00'),
	(272, '768253488-5', '만화', 'Home Ing', 'Marinna', 'Kwimbee', 282, 20621, 'noimage.png', 'aliquet at feugiat non pretium quis lectus suspendisse potenti in eleifend quam a odio in hac habitasse', '판매중', '2021-02-09 00:00:00', '2021-09-23 00:00:00'),
	(273, '719501937-3', '만화', 'Span', 'Rosemary', 'Voolia', 912, 8030, 'noimage.png', 'pellentesque eget nunc donec quis orci eget orci vehicula condimentum curabitur', '구편절판', '2020-09-23 00:00:00', '2021-09-23 00:00:00'),
	(274, '902792531-3', '종교', 'Zathin', 'Early', 'Layo', 841, 12827, 'noimage.png', 'sit amet consectetuer adipiscing elit proin risus praesent lectus vestibulum', '판매중', '2021-06-24 00:00:00', '2021-09-23 00:00:00'),
	(275, '461397343-0', '만화', 'Ventosanzap', 'Katya', 'Trudeo', 585, 22699, 'noimage.png', 'volutpat in congue etiam justo etiam pretium iaculis justo in hac habitasse platea dictumst etiam faucibus', '판매중', '2021-02-28 00:00:00', '2021-09-23 00:00:00'),
	(276, '548485984-0', '소설', 'Trippledex', 'Ruthie', 'Plajo', 781, 16025, 'noimage.png', 'in hac habitasse platea dictumst etiam faucibus cursus urna ut tellus nulla ut erat id mauris vulputate', '품절', '2021-06-25 00:00:00', '2021-09-23 00:00:00'),
	(277, '643438836-5', '소설', 'Otcom', 'Doretta', 'Leenti', 920, 23650, 'noimage.png', 'justo aliquam quis turpis eget elit sodales scelerisque mauris sit amet eros suspendisse', '품절', '2020-12-11 00:00:00', '2021-09-23 00:00:00'),
	(278, '185636174-8', '여행', 'Transcof', 'Joellen', 'Twimm', 958, 19617, 'noimage.png', 'scelerisque mauris sit amet eros suspendisse accumsan tortor quis turpis sed ante vivamus tortor duis mattis egestas metus aenean fermentum', '절판', '2021-04-28 00:00:00', '2021-09-23 00:00:00'),
	(279, '820856041-3', '종교', 'Konklab', 'Charles', 'Camido', 561, 19247, 'noimage.png', 'aenean auctor gravida sem praesent id massa id nisl venenatis lacinia aenean sit amet justo morbi ut odio cras', '구편절판', '2020-11-25 00:00:00', '2021-09-23 00:00:00'),
	(280, '861472910-3', '경제', 'Tampflex', 'Bondie', 'Podcat', 421, 7274, 'noimage.png', 'faucibus cursus urna ut tellus nulla ut erat id mauris vulputate elementum nullam varius nulla facilisi cras non velit nec', '판매중', '2021-05-04 00:00:00', '2021-09-23 00:00:00'),
	(281, '294049701-X', '소설', 'Transcof', 'Joan', 'Aibox', 886, 28843, 'noimage.png', 'tempor turpis nec euismod scelerisque quam turpis adipiscing lorem vitae mattis', '절판', '2021-01-24 00:00:00', '2021-09-23 00:00:00'),
	(282, '362082047-3', '여행', 'Voltsillam', 'Phyllida', 'Brainlounge', 979, 12705, 'noimage.png', 'nec nisi volutpat eleifend donec ut dolor morbi vel lectus in quam', '구편절판', '2021-04-23 00:00:00', '2021-09-23 00:00:00'),
	(283, '953021963-6', '만화', 'Temp', 'Gustie', 'Gigabox', 623, 8245, 'noimage.png', 'porta volutpat quam pede lobortis ligula sit amet eleifend pede libero quis orci nullam', '절판', '2021-04-04 00:00:00', '2021-09-23 00:00:00'),
	(284, '357978806-X', '소설', 'Fintone', 'Arvie', 'Skivee', 613, 29261, 'noimage.png', 'ultrices posuere cubilia curae nulla dapibus dolor vel est donec odio justo', '구편절판', '2020-12-12 00:00:00', '2021-09-23 00:00:00'),
	(285, '345007386-9', '만화', 'Tempsoft', 'Kaile', 'Plambee', 831, 23858, 'noimage.png', 'quis orci eget orci vehicula condimentum curabitur in libero ut', '구편절판', '2021-07-16 00:00:00', '2021-09-23 00:00:00'),
	(286, '479394935-5', '여행', 'Holdlamis', 'Salem', 'Kaymbo', 324, 14428, 'noimage.png', 'tellus in sagittis dui vel nisl duis ac nibh fusce lacus purus aliquet at feugiat non pretium quis', '구편절판', '2020-11-22 00:00:00', '2021-09-23 00:00:00'),
	(287, '718836880-5', '여행', 'Zontrax', 'Mercy', 'Buzzbean', 693, 26330, 'noimage.png', 'in faucibus orci luctus et ultrices posuere cubilia curae mauris viverra diam vitae quam suspendisse potenti nullam porttitor', '절판', '2021-08-18 00:00:00', '2021-09-23 00:00:00'),
	(288, '320367371-1', '외국어', 'Duobam', 'Ursuline', 'Rhyzio', 498, 27388, 'noimage.png', 'ultricies eu nibh quisque id justo sit amet sapien dignissim vestibulum vestibulum ante ipsum primis in faucibus', '구편절판', '2021-03-21 00:00:00', '2021-09-23 00:00:00'),
	(289, '333713710-5', '여행', 'Rank', 'Flin', 'Skimia', 729, 17971, 'noimage.png', 'adipiscing lorem vitae mattis nibh ligula nec sem duis aliquam convallis nunc proin at turpis a pede posuere', '구편절판', '2020-10-06 00:00:00', '2021-09-23 00:00:00'),
	(290, '438261632-8', '경제', 'Greenlam', 'Roderick', 'Avamm', 907, 5290, 'noimage.png', 'sapien arcu sed augue aliquam erat volutpat in congue etiam justo etiam pretium', '절판', '2021-07-09 00:00:00', '2021-09-23 00:00:00'),
	(291, '318302332-6', '여행', 'Trippledex', 'Fancy', 'Centidel', 293, 22620, 'noimage.png', 'vel est donec odio justo sollicitudin ut suscipit a feugiat et eros vestibulum ac est', '판매중', '2021-03-28 00:00:00', '2021-09-23 00:00:00'),
	(292, '201852811-4', '외국어', 'Quo Lux', 'Clementina', 'Kwimbee', 742, 18818, 'noimage.png', 'in faucibus orci luctus et ultrices posuere cubilia curae donec pharetra magna vestibulum aliquet ultrices erat', '판매중', '2021-06-06 00:00:00', '2021-09-23 00:00:00'),
	(293, '480631073-5', '여행', 'Ronstring', 'Tabbitha', 'Topicstorm', 934, 14437, 'noimage.png', 'maecenas pulvinar lobortis est phasellus sit amet erat nulla tempus vivamus in felis eu sapien cursus vestibulum proin', '구편절판', '2021-06-19 00:00:00', '2021-09-23 00:00:00'),
	(294, '271097891-1', '종교', 'Toughjoyfax', 'Stacy', 'Youfeed', 890, 8541, 'noimage.png', 'primis in faucibus orci luctus et ultrices posuere cubilia curae mauris viverra diam', '절판', '2021-04-16 00:00:00', '2021-09-23 00:00:00'),
	(295, '932157288-0', '소설', 'Greenlam', 'Gregor', 'Tekfly', 902, 9040, 'noimage.png', 'ut ultrices vel augue vestibulum ante ipsum primis in faucibus orci luctus et', '절판', '2021-08-12 00:00:00', '2021-09-23 00:00:00'),
	(296, '977551023-6', '미술', 'Zamit', 'Karlis', 'Kayveo', 692, 6458, 'noimage.png', 'cubilia curae donec pharetra magna vestibulum aliquet ultrices erat tortor sollicitudin mi sit amet lobortis sapien sapien non mi', '구편절판', '2020-12-13 00:00:00', '2021-09-23 00:00:00'),
	(297, '819310409-9', '만화', 'Bitwolf', 'Reinold', 'Yoveo', 376, 8338, 'noimage.png', 'hac habitasse platea dictumst maecenas ut massa quis augue luctus tincidunt nulla mollis molestie', '구편절판', '2021-02-27 00:00:00', '2021-09-23 00:00:00'),
	(298, '141079364-8', '여행', 'Sonsing', 'Francene', 'Feednation', 872, 25103, 'noimage.png', 'placerat ante nulla justo aliquam quis turpis eget elit sodales', '절판', '2021-01-10 00:00:00', '2021-09-23 00:00:00'),
	(299, '104628079-1', '미술', 'Fixflex', 'Morissa', 'Shuffletag', 951, 10623, 'noimage.png', 'quis augue luctus tincidunt nulla mollis molestie lorem quisque ut erat curabitur gravida nisi at nibh', '판매중', '2021-09-10 00:00:00', '2021-09-23 00:00:00'),
	(300, '258576154-1', '외국어', 'Tresom', 'Tiertza', 'Lazz', 221, 16813, 'noimage.png', 'in quam fringilla rhoncus mauris enim leo rhoncus sed vestibulum', '품절', '2020-11-05 00:00:00', '2021-09-23 00:00:00'),
	(301, '942637966-5', '종교', 'Kanlam', 'Yolanda', 'Mymm', 215, 12952, 'noimage.png', 'a odio in hac habitasse platea dictumst maecenas ut massa quis augue luctus tincidunt nulla mollis molestie', '절판', '2021-07-25 00:00:00', '2021-09-23 00:00:00'),
	(302, '586954074-7', '소설', 'Treeflex', 'Casie', 'InnoZ', 684, 22208, 'noimage.png', 'molestie nibh in lectus pellentesque at nulla suspendisse potenti cras', '판매중', '2021-04-15 00:00:00', '2021-09-23 00:00:00'),
	(303, '039622158-0', '여행', 'Bitchip', 'Rafa', 'Skalith', 708, 27327, 'noimage.png', 'vel enim sit amet nunc viverra dapibus nulla suscipit ligula in', '품절', '2020-11-16 00:00:00', '2021-09-23 00:00:00'),
	(304, '566364949-2', '만화', 'Toughjoyfax', 'Arnoldo', 'Agimba', 383, 13020, 'noimage.png', 'phasellus sit amet erat nulla tempus vivamus in felis eu', '구편절판', '2020-12-29 00:00:00', '2021-09-23 00:00:00'),
	(305, '213674558-1', '미술', 'Aerified', 'Della', 'Kwilith', 282, 12965, 'noimage.png', 'risus praesent lectus vestibulum quam sapien varius ut blandit non interdum in ante vestibulum ante ipsum primis in', '품절', '2021-04-12 00:00:00', '2021-09-23 00:00:00'),
	(306, '498323328-8', '경제', 'Opela', 'Juan', 'Zava', 786, 21933, 'noimage.png', 'ipsum primis in faucibus orci luctus et ultrices posuere cubilia curae duis faucibus accumsan odio curabitur convallis', '판매중', '2021-09-12 00:00:00', '2021-09-23 00:00:00'),
	(307, '680211227-2', '미술', 'Y-find', 'Welch', 'Meejo', 453, 15720, 'noimage.png', 'at lorem integer tincidunt ante vel ipsum praesent blandit lacinia erat vestibulum sed magna at nunc commodo placerat praesent', '판매중', '2020-11-12 00:00:00', '2021-09-23 00:00:00'),
	(308, '501150857-9', '여행', 'Asoka', 'Rosalinda', 'Zoonoodle', 103, 11505, 'noimage.png', 'sit amet consectetuer adipiscing elit proin interdum mauris non ligula pellentesque ultrices phasellus id sapien in sapien', '구편절판', '2021-08-31 00:00:00', '2021-09-23 00:00:00'),
	(309, '109934365-8', '종교', 'Namfix', 'Sampson', 'Muxo', 718, 13675, 'noimage.png', 'viverra eget congue eget semper rutrum nulla nunc purus phasellus in', '절판', '2020-11-19 00:00:00', '2021-09-23 00:00:00'),
	(310, '312871397-9', '종교', 'Keylex', 'Jorey', 'Skinte', 745, 11068, 'noimage.png', 'massa volutpat convallis morbi odio odio elementum eu interdum eu tincidunt in leo', '절판', '2021-07-10 00:00:00', '2021-09-23 00:00:00'),
	(311, '603154383-4', '경제', 'Cardify', 'Dickie', 'Dazzlesphere', 798, 12302, 'noimage.png', 'donec quis orci eget orci vehicula condimentum curabitur in libero ut massa volutpat', '판매중', '2021-08-21 00:00:00', '2021-09-23 00:00:00'),
	(312, '219152179-7', '소설', 'Bamity', 'Morly', 'Avamm', 806, 28165, 'noimage.png', 'orci luctus et ultrices posuere cubilia curae nulla dapibus dolor vel est donec odio', '판매중', '2021-05-31 00:00:00', '2021-09-23 00:00:00'),
	(313, '998879085-6', '만화', 'Span', 'Edsel', 'Twimbo', 334, 25920, 'noimage.png', 'accumsan tortor quis turpis sed ante vivamus tortor duis mattis egestas metus aenean fermentum donec ut mauris eget massa tempor', '품절', '2020-11-21 00:00:00', '2021-09-23 00:00:00'),
	(314, '536406565-0', '외국어', 'Redhold', 'Angelica', 'Yakitri', 242, 20221, 'noimage.png', 'quam suspendisse potenti nullam porttitor lacus at turpis donec posuere metus vitae ipsum aliquam non', '품절', '2021-02-25 00:00:00', '2021-09-23 00:00:00'),
	(315, '329932979-0', '소설', 'Sonair', 'Em', 'Devbug', 718, 11758, 'noimage.png', 'primis in faucibus orci luctus et ultrices posuere cubilia curae nulla dapibus', '구편절판', '2021-01-18 00:00:00', '2021-09-23 00:00:00'),
	(316, '576347800-2', '외국어', 'Flexidy', 'Olav', 'Talane', 247, 10588, 'noimage.png', 'amet erat nulla tempus vivamus in felis eu sapien cursus vestibulum proin eu mi nulla ac enim', '구편절판', '2021-07-15 00:00:00', '2021-09-23 00:00:00'),
	(317, '429430818-4', '여행', 'Transcof', 'Alden', 'Flashset', 263, 20614, 'noimage.png', 'potenti in eleifend quam a odio in hac habitasse platea dictumst maecenas ut', '구편절판', '2021-07-21 00:00:00', '2021-09-23 00:00:00'),
	(318, '958715332-4', '외국어', 'Tin', 'Arther', 'Buzzdog', 924, 13638, 'noimage.png', 'dapibus nulla suscipit ligula in lacus curabitur at ipsum ac tellus semper', '구편절판', '2021-04-14 00:00:00', '2021-09-23 00:00:00'),
	(319, '105377759-0', '외국어', 'Holdlamis', 'Alexandros', 'Yodo', 941, 16172, 'noimage.png', 'duis faucibus accumsan odio curabitur convallis duis consequat dui nec nisi volutpat eleifend donec ut', '절판', '2021-04-17 00:00:00', '2021-09-23 00:00:00'),
	(320, '440231320-1', '미술', 'Bytecard', 'Felicdad', 'Topiclounge', 738, 14508, 'noimage.png', 'eget orci vehicula condimentum curabitur in libero ut massa volutpat convallis morbi odio odio elementum eu interdum eu tincidunt', '품절', '2020-12-17 00:00:00', '2021-09-23 00:00:00'),
	(321, '460699454-1', '여행', 'Regrant', 'Caria', 'Edgeclub', 858, 20729, 'noimage.png', 'nulla elit ac nulla sed vel enim sit amet nunc', '구편절판', '2021-06-25 00:00:00', '2021-09-23 00:00:00'),
	(322, '302563108-2', '종교', 'Rank', 'Chrystel', 'Kaymbo', 471, 11747, 'noimage.png', 'in tempus sit amet sem fusce consequat nulla nisl nunc nisl duis bibendum felis sed interdum venenatis', '품절', '2021-06-17 00:00:00', '2021-09-23 00:00:00'),
	(323, '728996871-9', '외국어', 'Regrant', 'Elia', 'Ntags', 741, 27335, 'noimage.png', 'sit amet eros suspendisse accumsan tortor quis turpis sed ante vivamus tortor', '구편절판', '2021-02-20 00:00:00', '2021-09-23 00:00:00'),
	(324, '838847912-1', '여행', 'Y-find', 'Mort', 'Wikivu', 451, 22079, 'noimage.png', 'sociis natoque penatibus et magnis dis parturient montes nascetur ridiculus mus vivamus vestibulum sagittis sapien cum', '절판', '2020-10-20 00:00:00', '2021-09-23 00:00:00'),
	(325, '293509778-5', '미술', 'Konklux', 'Chelsy', 'Flipopia', 553, 17455, 'noimage.png', 'lorem integer tincidunt ante vel ipsum praesent blandit lacinia erat vestibulum sed magna at nunc', '구편절판', '2021-06-25 00:00:00', '2021-09-23 00:00:00'),
	(326, '104679719-0', '미술', 'Viva', 'Anett', 'Blogspan', 435, 29740, 'noimage.png', 'pellentesque viverra pede ac diam cras pellentesque volutpat dui maecenas tristique est', '구편절판', '2020-12-22 00:00:00', '2021-09-23 00:00:00'),
	(327, '564159398-2', '종교', 'Bigtax', 'Agnella', 'Bluezoom', 827, 11266, 'noimage.png', 'aliquam sit amet diam in magna bibendum imperdiet nullam orci pede venenatis non sodales', '절판', '2020-11-05 00:00:00', '2021-09-23 00:00:00'),
	(328, '340832477-8', '미술', 'Ronstring', 'Britteny', 'Photojam', 860, 17858, 'noimage.png', 'hac habitasse platea dictumst maecenas ut massa quis augue luctus tincidunt nulla mollis molestie lorem quisque ut erat curabitur gravida', '품절', '2021-04-22 00:00:00', '2021-09-23 00:00:00'),
	(329, '643621006-7', '만화', 'Zathin', 'Winnah', 'Bubblemix', 881, 9629, 'noimage.png', 'scelerisque mauris sit amet eros suspendisse accumsan tortor quis turpis sed ante vivamus tortor duis mattis egestas metus aenean fermentum', '품절', '2021-08-24 00:00:00', '2021-09-23 00:00:00'),
	(330, '044469338-6', '미술', 'Toughjoyfax', 'Johannah', 'Rhynyx', 357, 29728, 'noimage.png', 'vitae mattis nibh ligula nec sem duis aliquam convallis nunc', '품절', '2020-11-24 00:00:00', '2021-09-23 00:00:00'),
	(331, '381710218-6', '소설', 'Keylex', 'My', 'Photobug', 473, 14125, 'noimage.png', 'posuere metus vitae ipsum aliquam non mauris morbi non lectus aliquam sit amet diam in magna', '판매중', '2021-06-11 00:00:00', '2021-09-23 00:00:00'),
	(332, '572993980-9', '종교', 'Cardguard', 'Vinny', 'Kayveo', 513, 13654, 'noimage.png', 'tempus vel pede morbi porttitor lorem id ligula suspendisse ornare consequat lectus in', '판매중', '2020-12-06 00:00:00', '2021-09-23 00:00:00'),
	(333, '354317420-7', '종교', 'Voltsillam', 'Reggis', 'Youopia', 108, 25193, 'noimage.png', 'elementum eu interdum eu tincidunt in leo maecenas pulvinar lobortis est phasellus', '구편절판', '2021-05-31 00:00:00', '2021-09-23 00:00:00'),
	(334, '506098760-4', '만화', 'Span', 'Jedd', 'Voonte', 423, 23981, 'noimage.png', 'nascetur ridiculus mus etiam vel augue vestibulum rutrum rutrum neque', '절판', '2021-05-13 00:00:00', '2021-09-23 00:00:00'),
	(335, '099364095-8', '경제', 'Sonsing', 'Lorianne', 'Topicshots', 527, 19040, 'noimage.png', 'mauris enim leo rhoncus sed vestibulum sit amet cursus id turpis integer aliquet massa id lobortis convallis tortor risus', '절판', '2021-08-16 00:00:00', '2021-09-23 00:00:00'),
	(336, '049002112-3', '미술', 'Domainer', 'Clementine', 'Jaxworks', 684, 10904, 'noimage.png', 'mauris viverra diam vitae quam suspendisse potenti nullam porttitor lacus at', '판매중', '2020-11-18 00:00:00', '2021-09-23 00:00:00'),
	(337, '402968069-0', '종교', 'Opela', 'Rosabelle', 'Gigaclub', 918, 10863, 'noimage.png', 'consequat metus sapien ut nunc vestibulum ante ipsum primis in faucibus orci luctus et', '판매중', '2021-08-27 00:00:00', '2021-09-23 00:00:00'),
	(338, '556951774-X', '여행', 'Prodder', 'Nickolas', 'Devcast', 592, 16827, 'noimage.png', 'sapien ut nunc vestibulum ante ipsum primis in faucibus orci luctus et ultrices', '품절', '2020-09-30 00:00:00', '2021-09-23 00:00:00'),
	(339, '944689753-X', '미술', 'Tresom', 'Greer', 'Wordpedia', 996, 11069, 'noimage.png', 'in faucibus orci luctus et ultrices posuere cubilia curae mauris viverra diam vitae quam suspendisse potenti nullam porttitor lacus', '판매중', '2020-11-27 00:00:00', '2021-09-23 00:00:00'),
	(340, '748881833-4', '여행', 'Redhold', 'Johny', 'Rooxo', 400, 21172, 'noimage.png', 'sit amet consectetuer adipiscing elit proin risus praesent lectus vestibulum quam sapien varius', '품절', '2021-06-05 00:00:00', '2021-09-23 00:00:00'),
	(341, '495563261-0', '만화', 'Konklab', 'Brianna', 'Leexo', 611, 16435, 'noimage.png', 'lacus at velit vivamus vel nulla eget eros elementum pellentesque quisque porta volutpat erat quisque erat eros', '판매중', '2021-04-26 00:00:00', '2021-09-23 00:00:00'),
	(342, '145423890-9', '미술', 'Hatity', 'Abigail', 'Youtags', 395, 16313, 'noimage.png', 'vel augue vestibulum rutrum rutrum neque aenean auctor gravida sem praesent id massa id', '판매중', '2021-05-30 00:00:00', '2021-09-23 00:00:00'),
	(343, '190588921-6', '경제', 'Toughjoyfax', 'Kristopher', 'Topicshots', 289, 7783, 'noimage.png', 'sapien quis libero nullam sit amet turpis elementum ligula vehicula consequat morbi a ipsum', '판매중', '2021-04-13 00:00:00', '2021-09-23 00:00:00'),
	(344, '495750402-4', '경제', 'Home Ing', 'Skippie', 'Cogidoo', 152, 27574, 'noimage.png', 'phasellus id sapien in sapien iaculis congue vivamus metus arcu adipiscing molestie hendrerit at vulputate vitae nisl aenean lectus', '판매중', '2020-11-12 00:00:00', '2021-09-23 00:00:00'),
	(345, '748386276-9', '미술', 'Daltfresh', 'Coleen', 'Kwinu', 515, 28266, 'noimage.png', 'eleifend quam a odio in hac habitasse platea dictumst maecenas ut massa quis augue luctus', '절판', '2020-12-07 00:00:00', '2021-09-23 00:00:00'),
	(346, '076688793-6', '외국어', 'Span', 'Pennie', 'Aimbo', 329, 27147, 'noimage.png', 'semper rutrum nulla nunc purus phasellus in felis donec semper', '절판', '2021-07-03 00:00:00', '2021-09-23 00:00:00'),
	(347, '077943346-7', '경제', 'Hatity', 'Ella', 'Jetpulse', 174, 17266, 'noimage.png', 'sed augue aliquam erat volutpat in congue etiam justo etiam', '구편절판', '2021-07-12 00:00:00', '2021-09-23 00:00:00'),
	(348, '939127096-4', '미술', 'Tampflex', 'Vanessa', 'Edgewire', 379, 9230, 'noimage.png', 'donec ut mauris eget massa tempor convallis nulla neque libero', '절판', '2020-11-30 00:00:00', '2021-09-23 00:00:00'),
	(349, '546314542-3', '종교', 'Transcof', 'Frazier', 'Skiptube', 905, 19156, 'noimage.png', 'nec sem duis aliquam convallis nunc proin at turpis a pede posuere nonummy integer non velit donec diam neque', '판매중', '2021-07-22 00:00:00', '2021-09-23 00:00:00'),
	(350, '023350943-7', '종교', 'Latlux', 'Augusta', 'Youbridge', 880, 23976, 'noimage.png', 'dui maecenas tristique est et tempus semper est quam pharetra magna ac consequat metus sapien', '절판', '2021-05-22 00:00:00', '2021-09-23 00:00:00'),
	(351, '394826193-8', '경제', 'Ventosanzap', 'Kennith', 'JumpXS', 973, 19365, 'noimage.png', 'cubilia curae nulla dapibus dolor vel est donec odio justo sollicitudin ut suscipit a feugiat', '품절', '2021-09-07 00:00:00', '2021-09-23 00:00:00'),
	(352, '702790920-0', '만화', 'Home Ing', 'Jenifer', 'Zooveo', 636, 19843, 'noimage.png', 'eu sapien cursus vestibulum proin eu mi nulla ac enim', '절판', '2020-11-15 00:00:00', '2021-09-23 00:00:00'),
	(353, '925883148-9', '종교', 'Domainer', 'Gale', 'Vinder', 202, 21287, 'noimage.png', 'ultrices phasellus id sapien in sapien iaculis congue vivamus metus arcu adipiscing molestie hendrerit', '절판', '2021-03-14 00:00:00', '2021-09-23 00:00:00'),
	(354, '773462396-4', '종교', 'Toughjoyfax', 'Reinaldos', 'Kaymbo', 202, 29432, 'noimage.png', 'dui maecenas tristique est et tempus semper est quam pharetra magna ac consequat metus', '판매중', '2020-11-30 00:00:00', '2021-09-23 00:00:00'),
	(355, '498162443-3', '외국어', 'Flowdesk', 'Tadd', 'Dazzlesphere', 864, 21683, 'noimage.png', 'lectus pellentesque at nulla suspendisse potenti cras in purus eu magna vulputate luctus cum sociis natoque penatibus', '절판', '2021-06-08 00:00:00', '2021-09-23 00:00:00'),
	(356, '210139740-4', '경제', 'Redhold', 'Shara', 'Shuffletag', 626, 26528, 'noimage.png', 'vestibulum velit id pretium iaculis diam erat fermentum justo nec condimentum neque sapien placerat ante nulla justo aliquam', '구편절판', '2021-05-03 00:00:00', '2021-09-23 00:00:00'),
	(357, '869197205-X', '미술', 'Stringtough', 'Gardie', 'Meeveo', 489, 29878, 'noimage.png', 'rhoncus aliquam lacus morbi quis tortor id nulla ultrices aliquet maecenas leo odio condimentum id luctus', '판매중', '2021-08-12 00:00:00', '2021-09-23 00:00:00'),
	(358, '366950112-6', '만화', 'Matsoft', 'Adelaide', 'Realcube', 812, 15994, 'noimage.png', 'dictumst maecenas ut massa quis augue luctus tincidunt nulla mollis molestie lorem quisque ut erat', '구편절판', '2021-09-09 00:00:00', '2021-09-23 00:00:00'),
	(359, '580788411-6', '미술', 'Alphazap', 'Ashlan', 'Quimm', 725, 17418, 'noimage.png', 'suscipit ligula in lacus curabitur at ipsum ac tellus semper interdum mauris ullamcorper', '구편절판', '2021-06-30 00:00:00', '2021-09-23 00:00:00'),
	(360, '169571290-0', '소설', 'Cookley', 'Persis', 'Tambee', 849, 16705, 'noimage.png', 'accumsan tortor quis turpis sed ante vivamus tortor duis mattis egestas metus aenean fermentum donec ut mauris eget', '판매중', '2020-11-29 00:00:00', '2021-09-23 00:00:00'),
	(361, '354293495-X', '여행', 'Alpha', 'Nahum', 'Skaboo', 305, 18107, 'noimage.png', 'id pretium iaculis diam erat fermentum justo nec condimentum neque sapien placerat ante nulla justo', '절판', '2021-02-25 00:00:00', '2021-09-23 00:00:00'),
	(362, '150889912-6', '여행', 'Alphazap', 'Cherey', 'Nlounge', 393, 24994, 'noimage.png', 'diam id ornare imperdiet sapien urna pretium nisl ut volutpat sapien arcu sed augue', '절판', '2021-08-20 00:00:00', '2021-09-23 00:00:00'),
	(363, '656440363-1', '미술', 'Tempsoft', 'Dasya', 'Pixonyx', 825, 17756, 'noimage.png', 'est donec odio justo sollicitudin ut suscipit a feugiat et eros vestibulum ac est lacinia', '품절', '2021-02-12 00:00:00', '2021-09-23 00:00:00'),
	(364, '062432582-2', '소설', 'Lotstring', 'Frannie', 'Digitube', 645, 21628, 'noimage.png', 'pede ac diam cras pellentesque volutpat dui maecenas tristique est et tempus semper est quam pharetra magna ac consequat', '판매중', '2021-06-17 00:00:00', '2021-09-23 00:00:00'),
	(365, '422967644-1', '소설', 'Trippledex', 'Modesta', 'Aimbu', 875, 25526, 'noimage.png', 'potenti cras in purus eu magna vulputate luctus cum sociis natoque penatibus et', '판매중', '2020-10-01 00:00:00', '2021-09-23 00:00:00'),
	(366, '836894725-1', '외국어', 'Matsoft', 'Fabien', 'Thoughtsphere', 651, 16877, 'noimage.png', 'nisi eu orci mauris lacinia sapien quis libero nullam sit amet turpis elementum', '판매중', '2020-12-21 00:00:00', '2021-09-23 00:00:00'),
	(367, '160790311-3', '외국어', 'Namfix', 'Desiri', 'Blognation', 936, 25532, 'noimage.png', 'amet sapien dignissim vestibulum vestibulum ante ipsum primis in faucibus orci luctus et ultrices posuere cubilia curae', '품절', '2021-04-05 00:00:00', '2021-09-23 00:00:00'),
	(368, '041271652-6', '여행', 'Otcom', 'Cobby', 'Tazzy', 945, 18376, 'noimage.png', 'orci mauris lacinia sapien quis libero nullam sit amet turpis elementum ligula vehicula consequat morbi a ipsum', '절판', '2020-12-08 00:00:00', '2021-09-23 00:00:00'),
	(369, '358276390-0', '종교', 'Aerified', 'Tasia', 'Centizu', 906, 10410, 'noimage.png', 'vulputate ut ultrices vel augue vestibulum ante ipsum primis in faucibus orci luctus et ultrices posuere cubilia', '구편절판', '2021-07-22 00:00:00', '2021-09-23 00:00:00'),
	(370, '334432076-9', '여행', 'Gembucket', 'Filide', 'Buzzbean', 811, 24901, 'noimage.png', 'potenti nullam porttitor lacus at turpis donec posuere metus vitae ipsum aliquam non mauris morbi non', '품절', '2021-05-23 00:00:00', '2021-09-23 00:00:00'),
	(371, '694317737-0', '경제', 'Job', 'Christiano', 'Voonder', 321, 21212, 'noimage.png', 'vulputate nonummy maecenas tincidunt lacus at velit vivamus vel nulla', '판매중', '2020-12-13 00:00:00', '2021-09-23 00:00:00'),
	(372, '066714761-6', '미술', 'Zontrax', 'Ekaterina', 'Katz', 240, 23087, 'noimage.png', 'amet turpis elementum ligula vehicula consequat morbi a ipsum integer a nibh in quis justo maecenas rhoncus aliquam lacus morbi', '구편절판', '2020-12-22 00:00:00', '2021-09-23 00:00:00'),
	(373, '480026852-4', '종교', 'Biodex', 'Dilly', 'Roomm', 568, 11524, 'noimage.png', 'sed sagittis nam congue risus semper porta volutpat quam pede lobortis ligula', '품절', '2021-03-18 00:00:00', '2021-09-23 00:00:00'),
	(374, '349959187-1', '외국어', 'Wrapsafe', 'Sigrid', 'Eayo', 617, 25303, 'noimage.png', 'suspendisse potenti cras in purus eu magna vulputate luctus cum sociis natoque penatibus et magnis dis', '절판', '2021-04-04 00:00:00', '2021-09-23 00:00:00'),
	(375, '489180348-7', '경제', 'Tampflex', 'Cindee', 'Realbridge', 517, 25503, 'noimage.png', 'justo maecenas rhoncus aliquam lacus morbi quis tortor id nulla ultrices aliquet maecenas leo odio condimentum id luctus nec', '품절', '2020-12-11 00:00:00', '2021-09-23 00:00:00'),
	(376, '487148416-5', '소설', 'Sonsing', 'Arch', 'Omba', 814, 29546, 'noimage.png', 'integer pede justo lacinia eget tincidunt eget tempus vel pede', '구편절판', '2021-01-25 00:00:00', '2021-09-23 00:00:00'),
	(377, '254604636-5', '여행', 'Aerified', 'Purcell', 'Photofeed', 404, 7736, 'noimage.png', 'mauris morbi non lectus aliquam sit amet diam in magna bibendum imperdiet nullam orci', '절판', '2020-09-23 00:00:00', '2021-09-23 00:00:00'),
	(378, '366021167-2', '만화', 'Quo Lux', 'Jarid', 'Skyndu', 779, 20865, 'noimage.png', 'ultrices vel augue vestibulum ante ipsum primis in faucibus orci luctus et', '절판', '2020-11-03 00:00:00', '2021-09-23 00:00:00'),
	(379, '096542956-3', '경제', 'Wrapsafe', 'Bendicty', 'Twimbo', 917, 7979, 'noimage.png', 'quis augue luctus tincidunt nulla mollis molestie lorem quisque ut erat curabitur gravida nisi at nibh in hac', '판매중', '2021-01-23 00:00:00', '2021-09-23 00:00:00'),
	(380, '296337183-7', '경제', 'Toughjoyfax', 'Irene', 'Tagcat', 854, 8573, 'noimage.png', 'tempus vivamus in felis eu sapien cursus vestibulum proin eu mi nulla', '판매중', '2020-10-02 00:00:00', '2021-09-23 00:00:00'),
	(381, '299386267-7', '소설', 'Ronstring', 'Chery', 'Plajo', 216, 17639, 'noimage.png', 'in est risus auctor sed tristique in tempus sit amet sem fusce consequat nulla', '구편절판', '2021-07-29 00:00:00', '2021-09-23 00:00:00'),
	(382, '425365035-X', '여행', 'Subin', 'Gerrilee', 'Photospace', 632, 23502, 'noimage.png', 'pede venenatis non sodales sed tincidunt eu felis fusce posuere felis sed', '판매중', '2020-11-12 00:00:00', '2021-09-23 00:00:00'),
	(383, '654358977-9', '경제', 'Zontrax', 'Miguel', 'Vinder', 231, 13354, 'noimage.png', 'sollicitudin mi sit amet lobortis sapien sapien non mi integer ac neque duis', '품절', '2021-04-04 00:00:00', '2021-09-23 00:00:00'),
	(384, '776943567-6', '소설', 'Sonair', 'Rosamond', 'Wikivu', 950, 18777, 'noimage.png', 'eleifend luctus ultricies eu nibh quisque id justo sit amet sapien dignissim vestibulum vestibulum', '구편절판', '2021-01-18 00:00:00', '2021-09-23 00:00:00'),
	(385, '560550249-2', '미술', 'Zontrax', 'Rochelle', 'Tagfeed', 661, 6254, 'noimage.png', 'pulvinar lobortis est phasellus sit amet erat nulla tempus vivamus in felis eu sapien cursus vestibulum proin eu', '구편절판', '2021-01-27 00:00:00', '2021-09-23 00:00:00'),
	(386, '715063881-3', '외국어', 'Namfix', 'Raquel', 'Demimbu', 104, 26604, 'noimage.png', 'vivamus vel nulla eget eros elementum pellentesque quisque porta volutpat erat quisque erat', '구편절판', '2020-10-22 00:00:00', '2021-09-23 00:00:00'),
	(387, '800862034-X', '종교', 'Lotstring', 'Mufi', 'Skynoodle', 222, 20402, 'noimage.png', 'sem fusce consequat nulla nisl nunc nisl duis bibendum felis', '품절', '2021-08-05 00:00:00', '2021-09-23 00:00:00'),
	(388, '381779279-4', '외국어', 'Voyatouch', 'Eugen', 'Gigashots', 399, 10658, 'noimage.png', 'aliquam non mauris morbi non lectus aliquam sit amet diam in magna bibendum imperdiet nullam orci pede venenatis non', '구편절판', '2021-01-30 00:00:00', '2021-09-23 00:00:00'),
	(389, '031825413-1', '만화', 'Duobam', 'Karlan', 'Wikizz', 918, 16333, 'noimage.png', 'integer pede justo lacinia eget tincidunt eget tempus vel pede morbi', '절판', '2020-12-11 00:00:00', '2021-09-23 00:00:00'),
	(390, '730788322-8', '여행', 'Mat Lam Tam', 'Clarie', 'Kazu', 874, 26981, 'noimage.png', 'odio consequat varius integer ac leo pellentesque ultrices mattis odio donec vitae nisi nam ultrices', '구편절판', '2021-08-09 00:00:00', '2021-09-23 00:00:00'),
	(391, '365787154-3', '종교', 'Sonair', 'Jard', 'Plambee', 667, 8764, 'noimage.png', 'felis donec semper sapien a libero nam dui proin leo odio porttitor id consequat in', '구편절판', '2021-09-16 00:00:00', '2021-09-23 00:00:00'),
	(392, '077256253-9', '종교', 'Zontrax', 'Chane', 'Vitz', 533, 20847, 'noimage.png', 'habitasse platea dictumst maecenas ut massa quis augue luctus tincidunt nulla', '절판', '2021-03-31 00:00:00', '2021-09-23 00:00:00'),
	(393, '527345898-6', '외국어', 'Bytecard', 'Tristan', 'Voomm', 378, 20190, 'noimage.png', 'etiam justo etiam pretium iaculis justo in hac habitasse platea dictumst etiam', '구편절판', '2020-12-15 00:00:00', '2021-09-23 00:00:00'),
	(394, '306753637-1', '종교', 'Wrapsafe', 'Cassie', 'Yacero', 755, 9274, 'noimage.png', 'eget semper rutrum nulla nunc purus phasellus in felis donec semper sapien', '판매중', '2021-06-28 00:00:00', '2021-09-23 00:00:00'),
	(395, '034263078-4', '외국어', 'Aerified', 'Burnard', 'Kayveo', 690, 29845, 'noimage.png', 'purus aliquet at feugiat non pretium quis lectus suspendisse potenti in eleifend quam a odio in hac habitasse platea dictumst', '구편절판', '2021-01-12 00:00:00', '2021-09-23 00:00:00'),
	(396, '129112089-0', '소설', 'Hatity', 'Walden', 'Skiba', 402, 9552, 'noimage.png', 'praesent id massa id nisl venenatis lacinia aenean sit amet justo morbi ut', '품절', '2021-04-30 00:00:00', '2021-09-23 00:00:00'),
	(397, '091665626-8', '종교', 'Voltsillam', 'Hilliary', 'Quatz', 570, 15616, 'noimage.png', 'porta volutpat quam pede lobortis ligula sit amet eleifend pede libero', '절판', '2021-03-28 00:00:00', '2021-09-23 00:00:00'),
	(398, '955425861-5', '여행', 'Rank', 'Cozmo', 'Izio', 820, 20038, 'noimage.png', 'eget nunc donec quis orci eget orci vehicula condimentum curabitur in libero ut massa volutpat convallis morbi odio', '구편절판', '2021-03-02 00:00:00', '2021-09-23 00:00:00'),
	(399, '954308061-5', '경제', 'Ronstring', 'Jasen', 'Zoombox', 837, 25800, 'noimage.png', 'nulla pede ullamcorper augue a suscipit nulla elit ac nulla sed vel enim sit amet nunc viverra dapibus nulla suscipit', '절판', '2021-03-21 00:00:00', '2021-09-23 00:00:00'),
	(400, '037648630-9', '소설', 'Tres-Zap', 'Beauregard', 'Rhynyx', 590, 29478, 'noimage.png', 'vitae mattis nibh ligula nec sem duis aliquam convallis nunc proin at', '구편절판', '2021-08-19 00:00:00', '2021-09-23 00:00:00'),
	(401, '596053593-9', '경제', 'Namfix', 'Nathan', 'Aimbo', 261, 18933, 'noimage.png', 'et ultrices posuere cubilia curae donec pharetra magna vestibulum aliquet ultrices erat tortor sollicitudin mi sit amet lobortis', '품절', '2020-12-03 00:00:00', '2021-09-23 00:00:00'),
	(402, '175879431-3', '만화', 'Gembucket', 'Xever', 'Riffpedia', 460, 11142, 'noimage.png', 'quis orci eget orci vehicula condimentum curabitur in libero ut massa volutpat convallis morbi odio odio', '품절', '2021-08-09 00:00:00', '2021-09-23 00:00:00'),
	(403, '245324242-3', '경제', 'Redhold', 'Barnabas', 'Riffpath', 323, 27142, 'noimage.png', 'condimentum id luctus nec molestie sed justo pellentesque viverra pede ac diam cras pellentesque volutpat dui maecenas tristique', '판매중', '2020-10-09 00:00:00', '2021-09-23 00:00:00'),
	(404, '401455880-0', '경제', 'Lotlux', 'Trumann', 'Voonder', 510, 26184, 'noimage.png', 'sem sed sagittis nam congue risus semper porta volutpat quam pede lobortis ligula', '판매중', '2021-04-30 00:00:00', '2021-09-23 00:00:00'),
	(405, '601105515-X', '여행', 'Otcom', 'Angel', 'Quimba', 456, 17195, 'noimage.png', 'condimentum id luctus nec molestie sed justo pellentesque viverra pede ac diam cras pellentesque', '절판', '2021-01-01 00:00:00', '2021-09-23 00:00:00'),
	(406, '770341871-4', '소설', 'Mat Lam Tam', 'Aleda', 'Voonix', 859, 28194, 'noimage.png', 'ante nulla justo aliquam quis turpis eget elit sodales scelerisque', '판매중', '2021-05-12 00:00:00', '2021-09-23 00:00:00'),
	(407, '617911159-6', '미술', 'Toughjoyfax', 'Samson', 'Jamia', 616, 15560, 'noimage.png', 'pellentesque viverra pede ac diam cras pellentesque volutpat dui maecenas tristique est', '구편절판', '2021-09-05 00:00:00', '2021-09-23 00:00:00'),
	(408, '183066261-9', '외국어', 'Wrapsafe', 'Consuelo', 'Brainverse', 773, 29070, 'noimage.png', 'non lectus aliquam sit amet diam in magna bibendum imperdiet nullam orci pede venenatis non sodales sed', '판매중', '2021-06-08 00:00:00', '2021-09-23 00:00:00'),
	(409, '641103900-3', '종교', 'Zoolab', 'Nikolaos', 'Quire', 908, 24322, 'noimage.png', 'sem fusce consequat nulla nisl nunc nisl duis bibendum felis sed interdum venenatis turpis enim blandit mi in', '품절', '2021-08-25 00:00:00', '2021-09-23 00:00:00'),
	(410, '301067298-5', '여행', 'Span', 'Vannie', 'InnoZ', 175, 17803, 'noimage.png', 'bibendum felis sed interdum venenatis turpis enim blandit mi in porttitor pede justo eu massa donec dapibus duis at velit', '품절', '2021-02-21 00:00:00', '2021-09-23 00:00:00'),
	(411, '768541649-2', '만화', 'Tin', 'Micki', 'Tanoodle', 737, 22050, 'noimage.png', 'morbi vestibulum velit id pretium iaculis diam erat fermentum justo nec condimentum neque sapien placerat ante', '판매중', '2021-01-03 00:00:00', '2021-09-23 00:00:00'),
	(412, '943233537-2', '만화', 'Fix San', 'Myer', 'Skinder', 191, 6036, 'noimage.png', 'ultrices aliquet maecenas leo odio condimentum id luctus nec molestie sed justo pellentesque viverra pede ac diam cras pellentesque', '품절', '2020-10-22 00:00:00', '2021-09-23 00:00:00'),
	(413, '605259845-X', '만화', 'Wrapsafe', 'Alva', 'Blogtag', 836, 21743, 'noimage.png', 'ullamcorper purus sit amet nulla quisque arcu libero rutrum ac lobortis vel dapibus at', '판매중', '2020-12-19 00:00:00', '2021-09-23 00:00:00'),
	(414, '746030609-6', '종교', 'Regrant', 'Connie', 'Kare', 464, 15332, 'noimage.png', 'nulla justo aliquam quis turpis eget elit sodales scelerisque mauris sit amet eros suspendisse accumsan', '구편절판', '2020-12-31 00:00:00', '2021-09-23 00:00:00'),
	(415, '820716678-9', '여행', 'Zoolab', 'Christal', 'Yadel', 228, 22275, 'noimage.png', 'lacinia aenean sit amet justo morbi ut odio cras mi pede malesuada in imperdiet et commodo vulputate', '구편절판', '2020-10-24 00:00:00', '2021-09-23 00:00:00'),
	(416, '852025479-9', '외국어', 'Fix San', 'Claiborn', 'Zoomcast', 957, 10148, 'noimage.png', 'in faucibus orci luctus et ultrices posuere cubilia curae nulla dapibus dolor vel est donec', '구편절판', '2021-04-04 00:00:00', '2021-09-23 00:00:00'),
	(417, '975313014-7', '미술', 'Zathin', 'Antonin', 'Jaxspan', 702, 16907, 'noimage.png', 'curae mauris viverra diam vitae quam suspendisse potenti nullam porttitor lacus at', '품절', '2021-03-14 00:00:00', '2021-09-23 00:00:00'),
	(418, '970437160-8', '경제', 'Trippledex', 'Karmen', 'Livepath', 256, 27385, 'noimage.png', 'eu interdum eu tincidunt in leo maecenas pulvinar lobortis est phasellus sit amet', '품절', '2020-09-27 00:00:00', '2021-09-23 00:00:00'),
	(419, '674615826-8', '소설', 'Gembucket', 'Kissie', 'Layo', 188, 12201, 'noimage.png', 'ac leo pellentesque ultrices mattis odio donec vitae nisi nam ultrices', '판매중', '2021-07-20 00:00:00', '2021-09-23 00:00:00'),
	(420, '483534940-7', '미술', 'Konklux', 'Jami', 'Vipe', 410, 13028, 'noimage.png', 'pede morbi porttitor lorem id ligula suspendisse ornare consequat lectus in est risus auctor', '판매중', '2021-02-24 00:00:00', '2021-09-23 00:00:00'),
	(421, '505056336-4', '여행', 'Ventosanzap', 'Hallie', 'Cogilith', 144, 16480, 'noimage.png', 'odio consequat varius integer ac leo pellentesque ultrices mattis odio donec vitae nisi nam ultrices libero', '품절', '2021-02-18 00:00:00', '2021-09-23 00:00:00'),
	(422, '883190277-6', '여행', 'Namfix', 'Merrill', 'Realblab', 554, 23481, 'noimage.png', 'morbi non quam nec dui luctus rutrum nulla tellus in sagittis dui', '절판', '2020-09-30 00:00:00', '2021-09-23 00:00:00'),
	(423, '998470919-1', '미술', 'Tresom', 'Dianne', 'Gigashots', 573, 26714, 'noimage.png', 'aliquet at feugiat non pretium quis lectus suspendisse potenti in eleifend quam a odio in', '절판', '2021-04-14 00:00:00', '2021-09-23 00:00:00'),
	(424, '518091387-X', '미술', 'Prodder', 'Maddalena', 'Skyvu', 674, 13297, 'noimage.png', 'dapibus dolor vel est donec odio justo sollicitudin ut suscipit a feugiat et eros vestibulum ac est lacinia', '판매중', '2021-08-19 00:00:00', '2021-09-23 00:00:00'),
	(425, '395560664-3', '경제', 'Cookley', 'Antonino', 'Mynte', 975, 26313, 'noimage.png', 'commodo placerat praesent blandit nam nulla integer pede justo lacinia eget tincidunt', '구편절판', '2020-12-17 00:00:00', '2021-09-23 00:00:00'),
	(426, '931663852-6', '경제', 'Stringtough', 'Jeramey', 'Trilia', 769, 16304, 'noimage.png', 'ante nulla justo aliquam quis turpis eget elit sodales scelerisque', '품절', '2021-08-30 00:00:00', '2021-09-23 00:00:00'),
	(427, '897768203-7', '여행', 'Voltsillam', 'Claudius', 'Skyndu', 802, 7313, 'noimage.png', 'luctus et ultrices posuere cubilia curae nulla dapibus dolor vel est donec odio justo sollicitudin', '판매중', '2020-10-20 00:00:00', '2021-09-23 00:00:00'),
	(428, '861023755-9', '종교', 'Biodex', 'Scarlet', 'Browsetype', 958, 16889, 'noimage.png', 'orci nullam molestie nibh in lectus pellentesque at nulla suspendisse potenti', '구편절판', '2021-05-13 00:00:00', '2021-09-23 00:00:00'),
	(429, '436446018-4', '경제', 'Matsoft', 'Lorelle', 'Oloo', 328, 11684, 'noimage.png', 'dolor quis odio consequat varius integer ac leo pellentesque ultrices mattis odio donec vitae', '절판', '2021-07-30 00:00:00', '2021-09-23 00:00:00'),
	(430, '332322508-2', '경제', 'Matsoft', 'Emily', 'Skiptube', 746, 23202, 'noimage.png', 'proin leo odio porttitor id consequat in consequat ut nulla sed', '품절', '2021-03-22 00:00:00', '2021-09-23 00:00:00'),
	(431, '000719721-7', '종교', 'Ventosanzap', 'Jill', 'Mita', 180, 28310, 'noimage.png', 'ullamcorper augue a suscipit nulla elit ac nulla sed vel enim', '구편절판', '2020-10-21 00:00:00', '2021-09-23 00:00:00'),
	(432, '201167875-7', '경제', 'Pannier', 'Renelle', 'Leexo', 869, 14650, 'noimage.png', 'consequat ut nulla sed accumsan felis ut at dolor quis odio consequat varius integer ac leo pellentesque', '품절', '2021-08-15 00:00:00', '2021-09-23 00:00:00'),
	(433, '503806038-2', '경제', 'Latlux', 'Flemming', 'Skinte', 540, 5452, 'noimage.png', 'quis lectus suspendisse potenti in eleifend quam a odio in hac habitasse platea dictumst', '구편절판', '2021-06-26 00:00:00', '2021-09-23 00:00:00'),
	(434, '425824000-1', '만화', 'Span', 'Gypsy', 'Buzzbean', 410, 10686, 'noimage.png', 'mattis odio donec vitae nisi nam ultrices libero non mattis pulvinar nulla pede ullamcorper augue a suscipit', '품절', '2021-01-27 00:00:00', '2021-09-23 00:00:00'),
	(435, '122647437-3', '여행', 'Biodex', 'Anastasia', 'Minyx', 891, 10687, 'noimage.png', 'sollicitudin ut suscipit a feugiat et eros vestibulum ac est lacinia nisi', '구편절판', '2021-08-30 00:00:00', '2021-09-23 00:00:00'),
	(436, '667011259-9', '외국어', 'Holdlamis', 'Issie', 'Dynazzy', 762, 29416, 'noimage.png', 'tempus vel pede morbi porttitor lorem id ligula suspendisse ornare consequat lectus in est risus auctor', '품절', '2020-10-10 00:00:00', '2021-09-23 00:00:00'),
	(437, '315312548-1', '만화', 'Andalax', 'Wendeline', 'Vinder', 377, 17540, 'noimage.png', 'quam pede lobortis ligula sit amet eleifend pede libero quis orci nullam molestie nibh in lectus pellentesque at nulla suspendisse', '품절', '2021-08-12 00:00:00', '2021-09-23 00:00:00'),
	(438, '511636985-4', '미술', 'Regrant', 'Carver', 'Eire', 360, 24445, 'cat.jpg', 'proin leo odio porttitor id consequat in consequat ut nulla sed accumsan felis ut at dolor quis', '절판', '2021-09-22 00:00:00', '2021-09-23 00:00:00'),
	(439, '369973049-2', '소설', 'Biodex', 'Wilburt', 'Skaboo', 282, 13803, 'noimage.png', 'vel ipsum praesent blandit lacinia erat vestibulum sed magna at nunc commodo placerat praesent blandit', '절판', '2021-09-08 00:00:00', '2021-09-23 00:00:00'),
	(440, '348696649-9', '소설', 'It', 'Lennie', 'Twinder', 639, 10569, 'noimage.png', 'aliquam quis turpis eget elit sodales scelerisque mauris sit amet eros suspendisse accumsan tortor quis turpis sed ante vivamus tortor', '품절', '2020-12-25 00:00:00', '2021-09-23 00:00:00'),
	(441, '840880137-6', '미술', 'Aerified', 'Averil', 'Cogibox', 528, 27392, 'noimage.png', 'integer aliquet massa id lobortis convallis tortor risus dapibus augue vel accumsan tellus nisi eu orci mauris lacinia', '판매중', '2021-05-21 00:00:00', '2021-09-23 00:00:00'),
	(442, '394980806-X', '만화', 'Rank', 'Yoshi', 'Skiptube', 506, 12707, 'noimage.png', 'est et tempus semper est quam pharetra magna ac consequat metus sapien ut nunc vestibulum ante ipsum primis', '판매중', '2021-02-12 00:00:00', '2021-09-23 00:00:00'),
	(443, '334386923-6', '외국어', 'Aerified', 'Pail', 'Mita', 279, 26957, 'noimage.png', 'mauris morbi non lectus aliquam sit amet diam in magna bibendum imperdiet nullam orci pede', '구편절판', '2021-03-13 00:00:00', '2021-09-23 00:00:00'),
	(444, '864639399-2', '종교', 'Home Ing', 'Hersch', 'Voonyx', 509, 9843, 'noimage.png', 'sit amet eleifend pede libero quis orci nullam molestie nibh in lectus pellentesque at nulla suspendisse potenti', '구편절판', '2020-11-08 00:00:00', '2021-09-23 00:00:00'),
	(445, '423404699-X', '외국어', 'Fixflex', 'Danna', 'Dynazzy', 492, 10504, 'noimage.png', 'ut mauris eget massa tempor convallis nulla neque libero convallis eget eleifend luctus ultricies', '구편절판', '2021-03-28 00:00:00', '2021-09-23 00:00:00'),
	(446, '407699297-0', '종교', 'Fix San', 'Elsbeth', 'Youspan', 138, 21159, 'noimage.png', 'ipsum ac tellus semper interdum mauris ullamcorper purus sit amet nulla quisque arcu libero rutrum ac', '절판', '2021-07-15 00:00:00', '2021-09-23 00:00:00'),
	(447, '683293920-5', '만화', 'Home Ing', 'Harald', 'Gabcube', 696, 15847, 'noimage.png', 'curae donec pharetra magna vestibulum aliquet ultrices erat tortor sollicitudin mi sit amet lobortis sapien', '절판', '2021-07-25 00:00:00', '2021-09-23 00:00:00'),
	(448, '473766929-6', '외국어', 'Tresom', 'Briant', 'Meevee', 170, 11770, 'noimage.png', 'integer tincidunt ante vel ipsum praesent blandit lacinia erat vestibulum', '판매중', '2021-09-02 00:00:00', '2021-09-23 00:00:00'),
	(449, '566792554-0', '소설', 'Cardguard', 'Ealasaid', 'Twitterlist', 115, 11418, 'noimage.png', 'diam vitae quam suspendisse potenti nullam porttitor lacus at turpis donec posuere metus vitae', '품절', '2021-08-31 00:00:00', '2021-09-23 00:00:00'),
	(450, '853726656-6', '미술', 'Matsoft', 'Jule', 'Avamm', 964, 11530, 'noimage.png', 'velit eu est congue elementum in hac habitasse platea dictumst', '판매중', '2021-02-27 00:00:00', '2021-09-23 00:00:00'),
	(451, '435976517-7', '소설', 'Y-Solowarm', 'Sashenka', 'Fivespan', 787, 24934, 'noimage.png', 'justo eu massa donec dapibus duis at velit eu est congue elementum in hac habitasse platea dictumst morbi vestibulum', '품절', '2020-11-18 00:00:00', '2021-09-23 00:00:00'),
	(452, '125654369-1', '소설', 'Voltsillam', 'Jermaine', 'Jazzy', 867, 10411, 'noimage.png', 'sit amet turpis elementum ligula vehicula consequat morbi a ipsum integer a nibh in', '품절', '2021-03-10 00:00:00', '2021-09-23 00:00:00'),
	(453, '815473259-9', '만화', 'Treeflex', 'Inigo', 'Mita', 951, 7374, 'noimage.png', 'id consequat in consequat ut nulla sed accumsan felis ut at dolor quis odio consequat varius integer', '구편절판', '2021-02-28 00:00:00', '2021-09-23 00:00:00'),
	(454, '238994990-8', '종교', 'Home Ing', 'Byram', 'Edgeblab', 859, 21334, 'noimage.png', 'molestie sed justo pellentesque viverra pede ac diam cras pellentesque volutpat dui maecenas tristique est et', '품절', '2021-01-06 00:00:00', '2021-09-23 00:00:00'),
	(455, '967821287-0', '여행', 'Hatity', 'Cybill', 'Trilith', 307, 25562, 'noimage.png', 'adipiscing lorem vitae mattis nibh ligula nec sem duis aliquam convallis nunc proin at turpis a pede posuere nonummy integer', '절판', '2021-04-17 00:00:00', '2021-09-23 00:00:00'),
	(456, '867538306-1', '미술', 'Zontrax', 'Jourdan', 'Eabox', 100, 17133, 'noimage.png', 'vel pede morbi porttitor lorem id ligula suspendisse ornare consequat lectus in est risus auctor sed', '판매중', '2020-10-13 00:00:00', '2021-09-23 00:00:00'),
	(457, '671059978-7', '미술', 'Zaam-Dox', 'Jocelyn', 'Skyvu', 420, 17441, 'noimage.png', 'quam pede lobortis ligula sit amet eleifend pede libero quis orci nullam molestie nibh in lectus pellentesque at', '품절', '2021-09-05 00:00:00', '2021-09-23 00:00:00'),
	(458, '732973209-5', '소설', 'Mat Lam Tam', 'Lacee', 'Feedfire', 157, 29815, 'noimage.png', 'ut blandit non interdum in ante vestibulum ante ipsum primis in faucibus orci luctus et ultrices posuere cubilia curae duis', '구편절판', '2021-08-06 00:00:00', '2021-09-23 00:00:00'),
	(459, '630884787-9', '소설', 'Treeflex', 'Olav', 'Kazio', 250, 7112, 'noimage.png', 'arcu sed augue aliquam erat volutpat in congue etiam justo etiam pretium iaculis justo in hac habitasse platea dictumst', '품절', '2020-11-30 00:00:00', '2021-09-23 00:00:00'),
	(460, '196491693-3', '미술', 'Zoolab', 'Deck', 'Skyvu', 414, 5938, 'noimage.png', 'lorem ipsum dolor sit amet consectetuer adipiscing elit proin interdum mauris non ligula pellentesque ultrices phasellus id sapien', '절판', '2020-11-22 00:00:00', '2021-09-23 00:00:00'),
	(461, '646657184-X', '여행', 'Lotstring', 'Lesley', 'Riffpath', 226, 28249, 'noimage.png', 'mi nulla ac enim in tempor turpis nec euismod scelerisque', '절판', '2020-11-14 00:00:00', '2021-09-23 00:00:00'),
	(462, '657132750-3', '외국어', 'Regrant', 'Mylo', 'Zoovu', 590, 27236, 'noimage.png', 'platea dictumst etiam faucibus cursus urna ut tellus nulla ut erat id mauris vulputate', '구편절판', '2021-01-08 00:00:00', '2021-09-23 00:00:00'),
	(463, '555642570-1', '경제', 'Mat Lam Tam', 'Nelle', 'Buzzbean', 711, 29341, 'noimage.png', 'ac nulla sed vel enim sit amet nunc viverra dapibus nulla', '판매중', '2020-11-19 00:00:00', '2021-09-23 00:00:00'),
	(464, '531365613-9', '경제', 'Ventosanzap', 'Aundrea', 'Tagpad', 411, 20824, 'noimage.png', 'cras mi pede malesuada in imperdiet et commodo vulputate justo in blandit ultrices enim lorem ipsum dolor sit', '판매중', '2021-02-25 00:00:00', '2021-09-23 00:00:00'),
	(465, '996541701-6', '미술', 'Stim', 'Van', 'Dynazzy', 142, 12301, 'noimage.png', 'et ultrices posuere cubilia curae mauris viverra diam vitae quam suspendisse potenti nullam porttitor lacus at turpis donec', '판매중', '2021-02-01 00:00:00', '2021-09-23 00:00:00'),
	(466, '185110489-5', '여행', 'Andalax', 'Lewiss', 'Thoughtsphere', 922, 19902, 'noimage.png', 'sapien placerat ante nulla justo aliquam quis turpis eget elit sodales scelerisque mauris sit amet eros', '판매중', '2021-03-26 00:00:00', '2021-09-23 00:00:00'),
	(467, '063030372-X', '종교', 'Alpha', 'Salli', 'Yabox', 577, 10232, 'noimage.png', 'venenatis turpis enim blandit mi in porttitor pede justo eu massa donec dapibus duis at velit eu est', '구편절판', '2020-12-27 00:00:00', '2021-09-23 00:00:00'),
	(468, '485696989-7', '외국어', 'Ronstring', 'Maryrose', 'Rhynyx', 156, 10156, 'noimage.png', 'adipiscing elit proin interdum mauris non ligula pellentesque ultrices phasellus id sapien', '판매중', '2020-10-10 00:00:00', '2021-09-23 00:00:00'),
	(469, '767894845-X', '종교', 'Wrapsafe', 'Sterne', 'Jabbercube', 762, 12872, 'noimage.png', 'consectetuer adipiscing elit proin interdum mauris non ligula pellentesque ultrices phasellus id sapien in sapien', '판매중', '2021-01-20 00:00:00', '2021-09-23 00:00:00'),
	(470, '950337575-4', '여행', 'Ventosanzap', 'Estrellita', 'Mydo', 338, 29742, 'noimage.png', 'vel augue vestibulum rutrum rutrum neque aenean auctor gravida sem praesent id massa id', '판매중', '2020-09-30 00:00:00', '2021-09-23 00:00:00'),
	(471, '319690136-X', '미술', 'Viva', 'Christi', 'Oodoo', 232, 22330, 'noimage.png', 'ante ipsum primis in faucibus orci luctus et ultrices posuere', '절판', '2021-01-19 00:00:00', '2021-09-23 00:00:00'),
	(472, '941180794-1', '여행', 'Viva', 'Janis', 'Brainsphere', 596, 5076, 'noimage.png', 'adipiscing elit proin interdum mauris non ligula pellentesque ultrices phasellus id sapien', '판매중', '2021-05-21 00:00:00', '2021-09-23 00:00:00'),
	(473, '064229488-7', '소설', 'Greenlam', 'Zared', 'Yombu', 721, 19180, 'noimage.png', 'ridiculus mus etiam vel augue vestibulum rutrum rutrum neque aenean auctor gravida sem praesent', '품절', '2020-12-07 00:00:00', '2021-09-23 00:00:00'),
	(474, '891647248-2', '외국어', 'Biodex', 'Tanney', 'Rhybox', 282, 28454, 'noimage.png', 'molestie sed justo pellentesque viverra pede ac diam cras pellentesque volutpat dui maecenas tristique est', '절판', '2020-10-10 00:00:00', '2021-09-23 00:00:00'),
	(475, '201455202-9', '소설', 'Overhold', 'Scot', 'Jaxspan', 553, 10576, 'noimage.png', 'donec vitae nisi nam ultrices libero non mattis pulvinar nulla pede ullamcorper augue a suscipit', '판매중', '2021-01-25 00:00:00', '2021-09-23 00:00:00'),
	(476, '575317550-3', '소설', 'Voltsillam', 'Rochester', 'Rhynoodle', 805, 20219, 'noimage.png', 'est et tempus semper est quam pharetra magna ac consequat metus sapien ut nunc vestibulum ante ipsum primis in', '품절', '2020-09-23 00:00:00', '2021-09-23 00:00:00'),
	(477, '863830986-4', '만화', 'Greenlam', 'Tom', 'Aivee', 629, 15537, 'noimage.png', 'ut tellus nulla ut erat id mauris vulputate elementum nullam varius nulla facilisi cras non velit nec nisi vulputate nonummy', '절판', '2021-06-07 00:00:00', '2021-09-23 00:00:00'),
	(478, '624453564-2', '경제', 'Flexidy', 'Regina', 'Blogtag', 596, 20324, 'noimage.png', 'a pede posuere nonummy integer non velit donec diam neque vestibulum eget', '절판', '2021-08-15 00:00:00', '2021-09-23 00:00:00'),
	(479, '041632476-2', '여행', 'Rank', 'Allys', 'Quinu', 583, 9629, 'noimage.png', 'tempor convallis nulla neque libero convallis eget eleifend luctus ultricies eu nibh quisque id justo sit', '구편절판', '2021-03-07 00:00:00', '2021-09-23 00:00:00'),
	(480, '624746014-7', '미술', 'Y-Solowarm', 'Loralee', 'Vimbo', 718, 5036, 'noimage.png', 'viverra dapibus nulla suscipit ligula in lacus curabitur at ipsum ac tellus semper interdum', '절판', '2021-04-25 00:00:00', '2021-09-23 00:00:00'),
	(481, '920977631-3', '미술', 'Quo Lux', 'Julissa', 'Divape', 957, 21646, 'noimage.png', 'pulvinar nulla pede ullamcorper augue a suscipit nulla elit ac nulla sed vel enim sit amet nunc viverra dapibus', '구편절판', '2021-04-08 00:00:00', '2021-09-23 00:00:00'),
	(482, '581088946-8', '여행', 'Alphazap', 'Marlo', 'Topicware', 941, 9913, 'noimage.png', 'et ultrices posuere cubilia curae mauris viverra diam vitae quam suspendisse potenti nullam porttitor lacus at turpis donec', '절판', '2020-10-27 00:00:00', '2021-09-23 00:00:00'),
	(483, '576977878-4', '외국어', 'Solarbreeze', 'Durante', 'Npath', 150, 9910, 'noimage.png', 'ornare consequat lectus in est risus auctor sed tristique in tempus sit amet sem fusce', '구편절판', '2021-01-15 00:00:00', '2021-09-23 00:00:00'),
	(484, '740904253-2', '종교', 'Bigtax', 'Heindrick', 'Avavee', 595, 26738, 'noimage.png', 'habitasse platea dictumst morbi vestibulum velit id pretium iaculis diam erat fermentum justo nec condimentum', '절판', '2020-10-20 00:00:00', '2021-09-23 00:00:00'),
	(485, '684290291-6', '미술', 'Duobam', 'Boony', 'Skynoodle', 618, 18685, 'noimage.png', 'consequat in consequat ut nulla sed accumsan felis ut at', '구편절판', '2021-06-04 00:00:00', '2021-09-23 00:00:00'),
	(486, '285505901-1', '미술', 'Zathin', 'Aleta', 'Cogilith', 526, 29496, 'noimage.png', 'lorem quisque ut erat curabitur gravida nisi at nibh in hac habitasse platea dictumst', '절판', '2021-07-13 00:00:00', '2021-09-23 00:00:00'),
	(487, '219962343-2', '여행', 'Domainer', 'Shirleen', 'Dazzlesphere', 840, 13569, 'noimage.png', 'luctus rutrum nulla tellus in sagittis dui vel nisl duis ac nibh fusce lacus purus aliquet at feugiat non pretium', '판매중', '2020-10-27 00:00:00', '2021-09-23 00:00:00'),
	(488, '362384624-4', '미술', 'Quo Lux', 'Ax', 'Rhynoodle', 392, 22626, 'noimage.png', 'rhoncus dui vel sem sed sagittis nam congue risus semper porta volutpat quam', '품절', '2021-08-12 00:00:00', '2021-09-23 00:00:00'),
	(489, '141105844-5', '외국어', 'Trippledex', 'Ericka', 'Blogspan', 935, 24967, 'noimage.png', 'id turpis integer aliquet massa id lobortis convallis tortor risus dapibus augue vel', '절판', '2021-03-12 00:00:00', '2021-09-23 00:00:00'),
	(490, '778571129-1', '경제', 'Cardguard', 'Claus', 'Dabtype', 999, 17782, 'noimage.png', 'curabitur at ipsum ac tellus semper interdum mauris ullamcorper purus sit amet nulla quisque arcu', '구편절판', '2021-04-18 00:00:00', '2021-09-23 00:00:00'),
	(491, '928529169-4', '외국어', 'Zoolab', 'Emeline', 'Babbleopia', 388, 7984, 'noimage.png', 'potenti nullam porttitor lacus at turpis donec posuere metus vitae ipsum aliquam non mauris morbi non lectus', '절판', '2021-03-26 00:00:00', '2021-09-23 00:00:00'),
	(492, '265983030-4', '종교', 'Zontrax', 'Meagan', 'Dynabox', 864, 14546, 'noimage.png', 'blandit non interdum in ante vestibulum ante ipsum primis in faucibus orci luctus et ultrices posuere cubilia curae', '구편절판', '2020-10-24 00:00:00', '2021-09-23 00:00:00'),
	(493, '330686244-4', '외국어', 'It', 'Tybie', 'Browsezoom', 655, 12162, 'noimage.png', 'tortor id nulla ultrices aliquet maecenas leo odio condimentum id luctus nec molestie sed justo pellentesque viverra', '구편절판', '2021-05-17 00:00:00', '2021-09-23 00:00:00'),
	(494, '857637676-8', '외국어', 'Overhold', 'Tessi', 'Skyble', 757, 22442, 'noimage.png', 'aliquet ultrices erat tortor sollicitudin mi sit amet lobortis sapien sapien non mi integer ac', '절판', '2021-09-11 00:00:00', '2021-09-23 00:00:00'),
	(495, '447544992-8', '미술', 'Bamity', 'Betti', 'Blogpad', 497, 22866, 'noimage.png', 'quisque porta volutpat erat quisque erat eros viverra eget congue eget semper rutrum nulla nunc purus phasellus in felis', '판매중', '2020-10-05 00:00:00', '2021-09-23 00:00:00'),
	(496, '842514453-1', '만화', 'Stronghold', 'Arabel', 'Feedbug', 778, 17412, 'noimage.png', 'scelerisque quam turpis adipiscing lorem vitae mattis nibh ligula nec sem duis aliquam convallis nunc proin at turpis a', '구편절판', '2020-10-05 00:00:00', '2021-09-23 00:00:00'),
	(497, '974886905-9', '만화', 'Tampflex', 'Noelle', 'Meedoo', 708, 11124, 'noimage.png', 'vulputate elementum nullam varius nulla facilisi cras non velit nec nisi vulputate', '품절', '2021-07-31 00:00:00', '2021-09-23 00:00:00'),
	(498, '830336411-1', '미술', 'Kanlam', 'Ilsa', 'Tekfly', 458, 15877, 'noimage.png', 'arcu libero rutrum ac lobortis vel dapibus at diam nam tristique tortor', '구편절판', '2021-02-19 00:00:00', '2021-09-23 00:00:00'),
	(500, '942424177-1', '여행', 'Home Ing', 'Meir', 'Youspan', 794, 10249, 'noimage.png', 'lacinia nisi venenatis tristique fusce congue diam id ornare imperdiet', '판매중', '2021-01-09 00:00:00', '2021-09-23 00:00:00'),
	(501, '132345844-1', '여행', 'Asoka', 'Jakie', 'Bluezoom', 275, 6915, 'noimage.png', 'ullamcorper augue a suscipit nulla elit ac nulla sed vel enim sit amet nunc viverra dapibus', '판매중', '2020-11-20 00:00:00', '2021-09-23 00:00:00'),
	(502, '129195161-X', '만화', 'Tresom', 'Valentijn', 'Youspan', 443, 21576, 'noimage.png', 'fusce posuere felis sed lacus morbi sem mauris laoreet ut rhoncus aliquet pulvinar', '판매중', '2021-05-08 00:00:00', '2021-09-23 00:00:00'),
	(503, '601523574-8', '소설', 'Zathin', 'Aloise', 'Yoveo', 581, 11004, 'noimage.png', 'felis sed lacus morbi sem mauris laoreet ut rhoncus aliquet pulvinar sed nisl nunc rhoncus dui', '판매중', '2020-12-10 00:00:00', '2021-09-23 00:00:00'),
	(504, '594366857-8', '경제', 'Asoka', 'Gabie', 'Skyvu', 556, 25257, 'noimage.png', 'porta volutpat quam pede lobortis ligula sit amet eleifend pede libero quis orci nullam molestie nibh in lectus', '품절', '2020-10-02 00:00:00', '2021-09-23 00:00:00'),
	(505, '637556130-2', '만화', 'Domainer', 'Major', 'Meevee', 796, 14775, 'noimage.png', 'augue a suscipit nulla elit ac nulla sed vel enim', '판매중', '2021-01-13 00:00:00', '2021-09-23 00:00:00'),
	(506, '847784381-3', '만화', 'Stringtough', 'Isidora', 'Quimm', 792, 22843, 'noimage.png', 'justo nec condimentum neque sapien placerat ante nulla justo aliquam', '구편절판', '2021-07-19 00:00:00', '2021-09-23 00:00:00'),
	(507, '328861132-5', '경제', 'Keylex', 'Jemimah', 'Voonder', 509, 25711, 'noimage.png', 'id pretium iaculis diam erat fermentum justo nec condimentum neque sapien placerat', '구편절판', '2021-06-22 00:00:00', '2021-09-23 00:00:00'),
	(508, '909914829-1', '만화', 'Tampflex', 'Miran', 'Topicware', 659, 10626, 'noimage.png', 'turpis sed ante vivamus tortor duis mattis egestas metus aenean fermentum donec ut mauris eget massa tempor convallis', '구편절판', '2021-08-24 00:00:00', '2021-09-23 00:00:00'),
	(509, '422217139-5', '만화', 'Keylex', 'Josie', 'DabZ', 146, 25694, 'noimage.png', 'magnis dis parturient montes nascetur ridiculus mus vivamus vestibulum sagittis sapien cum sociis', '절판', '2021-03-09 00:00:00', '2021-09-23 00:00:00'),
	(510, '699518308-8', '외국어', 'Ronstring', 'Mervin', 'Dynabox', 135, 16502, 'noimage.png', 'posuere cubilia curae mauris viverra diam vitae quam suspendisse potenti nullam porttitor lacus at turpis donec', '절판', '2021-01-30 00:00:00', '2021-09-23 00:00:00'),
	(511, '631350572-7', '소설', 'Fix San', 'Kalie', 'Voomm', 293, 14042, 'noimage.png', 'pede posuere nonummy integer non velit donec diam neque vestibulum eget vulputate ut ultrices vel augue vestibulum ante ipsum primis', '구편절판', '2021-07-08 00:00:00', '2021-09-23 00:00:00'),
	(512, '370231238-2', '만화', 'Tampflex', 'Kylie', 'Wikivu', 163, 20738, 'noimage.png', 'vel sem sed sagittis nam congue risus semper porta volutpat quam', '판매중', '2021-03-21 00:00:00', '2021-09-23 00:00:00'),
	(513, '627894344-1', '종교', 'Overhold', 'Kate', 'Browsezoom', 661, 7104, 'noimage.png', 'eu sapien cursus vestibulum proin eu mi nulla ac enim', '절판', '2021-04-06 00:00:00', '2021-09-23 00:00:00'),
	(514, '899672119-0', '소설', 'Treeflex', 'Nerty', 'Thoughtbeat', 771, 17538, 'noimage.png', 'nisi vulputate nonummy maecenas tincidunt lacus at velit vivamus vel nulla eget', '판매중', '2021-01-06 00:00:00', '2021-09-23 00:00:00'),
	(515, '284142462-6', '만화', 'Tin', 'Trudi', 'Kwideo', 176, 25043, 'noimage.png', 'et ultrices posuere cubilia curae duis faucibus accumsan odio curabitur convallis duis consequat dui nec', '품절', '2021-07-19 00:00:00', '2021-09-23 00:00:00'),
	(516, '428727987-5', '종교', 'Treeflex', 'Terese', 'Wordware', 828, 26594, 'noimage.png', 'porttitor id consequat in consequat ut nulla sed accumsan felis ut at dolor quis odio consequat', '구편절판', '2021-03-10 00:00:00', '2021-09-23 00:00:00'),
	(517, '884404949-X', '미술', 'Quo Lux', 'Ogdan', 'Oyoloo', 724, 27204, 'noimage.png', 'mauris non ligula pellentesque ultrices phasellus id sapien in sapien iaculis congue vivamus metus', '품절', '2020-11-18 00:00:00', '2021-09-23 00:00:00'),
	(518, '968645928-6', '미술', 'Prodder', 'Marcello', 'Twinder', 386, 5294, 'noimage.png', 'montes nascetur ridiculus mus etiam vel augue vestibulum rutrum rutrum neque aenean', '판매중', '2020-09-29 00:00:00', '2021-09-23 00:00:00'),
	(519, '275569560-9', '외국어', 'Hatity', 'Ericha', 'Photospace', 961, 8903, 'noimage.png', 'interdum venenatis turpis enim blandit mi in porttitor pede justo eu', '절판', '2021-04-11 00:00:00', '2021-09-23 00:00:00'),
	(520, '916158977-2', '외국어', 'Ronstring', 'Martainn', 'Edgeify', 859, 21295, 'noimage.png', 'mauris viverra diam vitae quam suspendisse potenti nullam porttitor lacus at turpis donec posuere metus', '품절', '2021-02-09 00:00:00', '2021-09-23 00:00:00'),
	(521, '748245123-4', '종교', 'Sonair', 'Tasha', 'Kazio', 771, 19741, 'noimage.png', 'viverra diam vitae quam suspendisse potenti nullam porttitor lacus at turpis donec posuere metus vitae ipsum', '구편절판', '2021-06-30 00:00:00', '2021-09-23 00:00:00'),
	(522, '098740627-2', '외국어', 'Cardify', 'Merill', 'Leexo', 594, 18324, 'noimage.png', 'imperdiet sapien urna pretium nisl ut volutpat sapien arcu sed augue', '품절', '2021-05-15 00:00:00', '2021-09-23 00:00:00'),
	(523, '598407069-3', '여행', 'Holdlamis', 'Stanislas', 'Babblestorm', 634, 21261, 'noimage.png', 'semper sapien a libero nam dui proin leo odio porttitor id consequat in consequat ut nulla sed accumsan', '판매중', '2021-09-22 00:00:00', '2021-09-23 00:00:00'),
	(524, '711995427-X', '경제', 'Holdlamis', 'Iorgos', 'Browsezoom', 403, 26364, 'noimage.png', 'cum sociis natoque penatibus et magnis dis parturient montes nascetur ridiculus mus etiam vel', '구편절판', '2021-02-20 00:00:00', '2021-09-23 00:00:00'),
	(525, '329887299-7', '종교', 'Overhold', 'Leda', 'Realcube', 421, 18776, 'noimage.png', 'eu sapien cursus vestibulum proin eu mi nulla ac enim in tempor turpis nec euismod scelerisque', '품절', '2021-02-20 00:00:00', '2021-09-23 00:00:00'),
	(526, '994367074-6', '경제', 'Opela', 'Warren', 'Twitterwire', 705, 28699, 'noimage.png', 'vitae nisi nam ultrices libero non mattis pulvinar nulla pede ullamcorper augue a', '구편절판', '2020-11-29 00:00:00', '2021-09-23 00:00:00'),
	(527, '524351106-4', '경제', 'Treeflex', 'Wendall', 'Skiba', 943, 12704, 'noimage.png', 'sed accumsan felis ut at dolor quis odio consequat varius integer ac leo pellentesque ultrices mattis odio donec', '품절', '2021-07-17 00:00:00', '2021-09-23 00:00:00'),
	(528, '639727866-2', '외국어', 'Biodex', 'Antin', 'Gabspot', 974, 26433, 'noimage.png', 'ut suscipit a feugiat et eros vestibulum ac est lacinia nisi venenatis tristique fusce congue diam id ornare imperdiet sapien', '품절', '2021-07-26 00:00:00', '2021-09-23 00:00:00'),
	(529, '645136327-8', '미술', 'Ronstring', 'Gae', 'Latz', 601, 12705, 'noimage.png', 'vitae nisl aenean lectus pellentesque eget nunc donec quis orci eget orci vehicula condimentum curabitur in libero ut massa', '품절', '2021-03-05 00:00:00', '2021-09-23 00:00:00'),
	(530, '649640637-5', '소설', 'Daltfresh', 'Joela', 'Innotype', 913, 9493, 'noimage.png', 'ultrices aliquet maecenas leo odio condimentum id luctus nec molestie sed', '판매중', '2021-03-06 00:00:00', '2021-09-23 00:00:00'),
	(531, '294690037-1', '외국어', 'Flexidy', 'Dana', 'Skynoodle', 672, 15142, 'noimage.png', 'vel lectus in quam fringilla rhoncus mauris enim leo rhoncus sed vestibulum sit amet cursus id turpis integer aliquet massa', '판매중', '2021-07-22 00:00:00', '2021-09-23 00:00:00'),
	(532, '537749921-2', '외국어', 'Sonair', 'Yard', 'Twitternation', 735, 16653, 'noimage.png', 'dui maecenas tristique est et tempus semper est quam pharetra magna ac consequat metus sapien ut nunc', '품절', '2020-11-26 00:00:00', '2021-09-23 00:00:00'),
	(533, '484403600-9', '경제', 'Quo Lux', 'Duffy', 'Nlounge', 513, 29303, 'noimage.png', 'est donec odio justo sollicitudin ut suscipit a feugiat et eros vestibulum', '구편절판', '2021-08-03 00:00:00', '2021-09-23 00:00:00'),
	(534, '281836509-0', '만화', 'Span', 'Austin', 'Kare', 293, 28531, 'noimage.png', 'natoque penatibus et magnis dis parturient montes nascetur ridiculus mus etiam vel augue vestibulum rutrum', '품절', '2020-10-15 00:00:00', '2021-09-23 00:00:00'),
	(535, '469799718-2', '여행', 'Cardguard', 'Margarete', 'Teklist', 315, 8443, 'noimage.png', 'mus vivamus vestibulum sagittis sapien cum sociis natoque penatibus et magnis dis parturient montes nascetur ridiculus mus etiam', '판매중', '2021-06-24 00:00:00', '2021-09-23 00:00:00'),
	(536, '839857756-8', '경제', 'Solarbreeze', 'Ellis', 'Vidoo', 132, 24553, 'noimage.png', 'dolor morbi vel lectus in quam fringilla rhoncus mauris enim leo rhoncus sed', '절판', '2021-05-07 00:00:00', '2021-09-23 00:00:00'),
	(537, '323963478-3', '경제', 'Aerified', 'Dru', 'Yombu', 323, 17543, 'noimage.png', 'luctus et ultrices posuere cubilia curae duis faucibus accumsan odio curabitur convallis duis consequat dui nec', '판매중', '2021-06-28 00:00:00', '2021-09-23 00:00:00'),
	(538, '975656770-8', '경제', 'Zoolab', 'Edith', 'Thoughtsphere', 163, 17722, 'noimage.png', 'nec euismod scelerisque quam turpis adipiscing lorem vitae mattis nibh ligula nec sem duis aliquam convallis nunc proin at', '품절', '2021-05-25 00:00:00', '2021-09-23 00:00:00'),
	(539, '597440544-7', '종교', 'Keylex', 'Falkner', 'Quatz', 292, 24297, 'noimage.png', 'habitasse platea dictumst morbi vestibulum velit id pretium iaculis diam', '절판', '2021-04-23 00:00:00', '2021-09-23 00:00:00'),
	(540, '944964368-7', '외국어', 'Zathin', 'Rainer', 'Gigazoom', 640, 18324, 'noimage.png', 'sapien dignissim vestibulum vestibulum ante ipsum primis in faucibus orci luctus et ultrices posuere cubilia curae nulla dapibus', '판매중', '2021-07-02 00:00:00', '2021-09-23 00:00:00'),
	(541, '017927725-1', '만화', 'Job', 'Laina', 'Photobug', 838, 27362, 'noimage.png', 'eget nunc donec quis orci eget orci vehicula condimentum curabitur in libero ut massa volutpat convallis', '절판', '2021-03-14 00:00:00', '2021-09-23 00:00:00'),
	(542, '712701997-5', '만화', 'Trippledex', 'Bobbie', 'Vipe', 223, 29360, 'noimage.png', 'platea dictumst etiam faucibus cursus urna ut tellus nulla ut erat id mauris vulputate elementum nullam varius', '품절', '2021-01-28 00:00:00', '2021-09-23 00:00:00'),
	(543, '293854109-0', '경제', 'Prodder', 'Major', 'Blognation', 599, 14156, 'noimage.png', 'eget massa tempor convallis nulla neque libero convallis eget eleifend luctus', '품절', '2021-08-06 00:00:00', '2021-09-23 00:00:00'),
	(544, '398551352-X', '여행', 'Ventosanzap', 'Carilyn', 'Rhynyx', 878, 19763, 'noimage.png', 'quis orci nullam molestie nibh in lectus pellentesque at nulla suspendisse potenti cras in purus', '판매중', '2021-09-13 00:00:00', '2021-09-23 00:00:00'),
	(545, '594758908-7', '종교', 'Tempsoft', 'Arleta', 'Muxo', 260, 18940, 'noimage.png', 'at turpis a pede posuere nonummy integer non velit donec diam neque vestibulum eget', '판매중', '2021-01-13 00:00:00', '2021-09-23 00:00:00'),
	(546, '015242708-2', '종교', 'Temp', 'Candida', 'Tagopia', 366, 11674, 'noimage.png', 'ut mauris eget massa tempor convallis nulla neque libero convallis eget eleifend luctus ultricies eu nibh quisque id', '절판', '2020-12-01 00:00:00', '2021-09-23 00:00:00'),
	(547, '564806363-6', '종교', 'Andalax', 'Loria', 'Topicware', 885, 24205, 'noimage.png', 'nisl nunc rhoncus dui vel sem sed sagittis nam congue risus', '판매중', '2020-12-05 00:00:00', '2021-09-23 00:00:00'),
	(548, '155812045-9', '미술', 'Ventosanzap', 'Evelyn', 'Browsebug', 881, 23780, 'noimage.png', 'nunc commodo placerat praesent blandit nam nulla integer pede justo', '구편절판', '2021-01-25 00:00:00', '2021-09-23 00:00:00'),
	(549, '740994428-5', '소설', 'Pannier', 'Alyss', 'Meeveo', 513, 26830, 'noimage.png', 'posuere cubilia curae mauris viverra diam vitae quam suspendisse potenti nullam porttitor lacus at turpis donec', '품절', '2021-02-09 00:00:00', '2021-09-23 00:00:00'),
	(550, '953139660-4', '미술', 'Tresom', 'Virge', 'Skibox', 713, 19232, 'noimage.png', 'habitasse platea dictumst morbi vestibulum velit id pretium iaculis diam erat fermentum justo nec condimentum', '품절', '2020-12-30 00:00:00', '2021-09-23 00:00:00'),
	(551, '995291279-X', '만화', 'Bitwolf', 'Wolfy', 'Wikizz', 682, 24973, 'noimage.png', 'a suscipit nulla elit ac nulla sed vel enim sit amet nunc viverra dapibus nulla suscipit ligula in lacus', '품절', '2020-11-24 00:00:00', '2021-09-23 00:00:00'),
	(552, '132381858-8', '소설', 'Solarbreeze', 'Salaidh', 'Wikibox', 278, 5142, 'noimage.png', 'tempor turpis nec euismod scelerisque quam turpis adipiscing lorem vitae mattis', '판매중', '2020-12-13 00:00:00', '2021-09-23 00:00:00'),
	(553, '622845917-1', '소설', 'Overhold', 'Toinette', 'Trilia', 659, 25807, 'noimage.png', 'tempus vel pede morbi porttitor lorem id ligula suspendisse ornare consequat lectus in', '구편절판', '2020-12-22 00:00:00', '2021-09-23 00:00:00'),
	(554, '042900674-8', '소설', 'Bamity', 'Regine', 'Oodoo', 469, 13012, 'noimage.png', 'nisi eu orci mauris lacinia sapien quis libero nullam sit amet turpis elementum ligula vehicula consequat morbi', '절판', '2021-02-25 00:00:00', '2021-09-23 00:00:00'),
	(555, '810680055-5', '여행', 'Regrant', 'Jared', 'Skyndu', 116, 12465, 'noimage.png', 'sapien cum sociis natoque penatibus et magnis dis parturient montes nascetur ridiculus mus etiam', '품절', '2021-07-03 00:00:00', '2021-09-23 00:00:00'),
	(556, '173599262-3', '외국어', 'Latlux', 'Nettle', 'Shufflebeat', 105, 25357, 'noimage.png', 'sed tristique in tempus sit amet sem fusce consequat nulla nisl nunc nisl duis bibendum', '품절', '2021-05-16 00:00:00', '2021-09-23 00:00:00'),
	(557, '460393979-5', '소설', 'Vagram', 'Trefor', 'Centimia', 281, 5272, 'noimage.png', 'dolor vel est donec odio justo sollicitudin ut suscipit a feugiat et eros', '판매중', '2021-06-05 00:00:00', '2021-09-23 00:00:00'),
	(558, '792872157-0', '소설', 'Wrapsafe', 'Giacomo', 'Meezzy', 620, 10204, 'noimage.png', 'sapien non mi integer ac neque duis bibendum morbi non quam nec', '판매중', '2021-01-17 00:00:00', '2021-09-23 00:00:00'),
	(559, '312733167-3', '소설', 'Greenlam', 'Lane', 'Demimbu', 825, 6142, 'noimage.png', 'at dolor quis odio consequat varius integer ac leo pellentesque ultrices mattis', '품절', '2020-11-09 00:00:00', '2021-09-23 00:00:00'),
	(560, '421177373-9', '여행', 'Tresom', 'Jehanna', 'Agimba', 880, 23717, 'noimage.png', 'pretium iaculis diam erat fermentum justo nec condimentum neque sapien placerat ante', '절판', '2021-04-01 00:00:00', '2021-09-23 00:00:00'),
	(561, '569641541-5', '외국어', 'Asoka', 'Barron', 'Lazz', 237, 5195, 'noimage.png', 'justo pellentesque viverra pede ac diam cras pellentesque volutpat dui maecenas tristique est', '절판', '2021-08-25 00:00:00', '2021-09-23 00:00:00'),
	(562, '118103436-1', '미술', 'Mat Lam Tam', 'Derrick', 'Kazu', 700, 26763, 'noimage.png', 'quis augue luctus tincidunt nulla mollis molestie lorem quisque ut', '품절', '2020-12-30 00:00:00', '2021-09-23 00:00:00'),
	(563, '069889227-5', '여행', 'Temp', 'Krystle', 'Skynoodle', 978, 25014, 'noimage.png', 'lorem quisque ut erat curabitur gravida nisi at nibh in hac habitasse platea dictumst aliquam augue quam sollicitudin vitae consectetuer', '구편절판', '2021-07-07 00:00:00', '2021-09-23 00:00:00'),
	(564, '287062978-8', '경제', 'Zathin', 'Eleen', 'Skyble', 856, 5404, 'noimage.png', 'duis bibendum morbi non quam nec dui luctus rutrum nulla tellus', '구편절판', '2021-06-29 00:00:00', '2021-09-23 00:00:00'),
	(565, '889253439-4', '경제', 'It', 'Calhoun', 'Jabberstorm', 136, 26816, 'noimage.png', 'et ultrices posuere cubilia curae donec pharetra magna vestibulum aliquet ultrices erat tortor sollicitudin mi sit', '판매중', '2021-07-08 00:00:00', '2021-09-23 00:00:00'),
	(566, '272001088-X', '미술', 'Tres-Zap', 'Pincas', 'Shuffletag', 283, 10808, 'noimage.png', 'congue risus semper porta volutpat quam pede lobortis ligula sit amet', '절판', '2020-10-08 00:00:00', '2021-09-23 00:00:00'),
	(567, '535317917-X', '종교', 'Zontrax', 'Doralia', 'Voomm', 822, 15404, 'noimage.png', 'duis ac nibh fusce lacus purus aliquet at feugiat non pretium quis lectus', '품절', '2021-08-18 00:00:00', '2021-09-23 00:00:00'),
	(568, '540989573-8', '만화', 'Toughjoyfax', 'Noe', 'Trudoo', 191, 10311, 'noimage.png', 'bibendum imperdiet nullam orci pede venenatis non sodales sed tincidunt eu felis', '절판', '2021-08-13 00:00:00', '2021-09-23 00:00:00'),
	(569, '280874726-8', '미술', 'Greenlam', 'Rhea', 'Twitterwire', 831, 20703, 'noimage.png', 'viverra diam vitae quam suspendisse potenti nullam porttitor lacus at turpis donec posuere', '구편절판', '2021-01-17 00:00:00', '2021-09-23 00:00:00'),
	(570, '831888284-9', '경제', 'Lotstring', 'Candi', 'Meeveo', 362, 17172, 'noimage.png', 'convallis duis consequat dui nec nisi volutpat eleifend donec ut dolor morbi vel lectus in', '구편절판', '2021-05-31 00:00:00', '2021-09-23 00:00:00'),
	(571, '745164820-6', '여행', 'Domainer', 'Alexander', 'Browsetype', 559, 17955, 'noimage.png', 'et ultrices posuere cubilia curae donec pharetra magna vestibulum aliquet ultrices erat', '구편절판', '2020-12-03 00:00:00', '2021-09-23 00:00:00'),
	(572, '193795132-4', '미술', 'Domainer', 'Rancell', 'Fatz', 378, 23667, 'noimage.png', 'nec nisi volutpat eleifend donec ut dolor morbi vel lectus in quam', '절판', '2021-01-27 00:00:00', '2021-09-23 00:00:00'),
	(573, '353163711-8', '만화', 'Bigtax', 'Edi', 'Skiba', 464, 8319, 'noimage.png', 'pellentesque quisque porta volutpat erat quisque erat eros viverra eget congue eget semper rutrum nulla', '품절', '2020-12-23 00:00:00', '2021-09-23 00:00:00'),
	(574, '045708320-4', '미술', 'Keylex', 'Caterina', 'Realpoint', 257, 9666, 'noimage.png', 'sem mauris laoreet ut rhoncus aliquet pulvinar sed nisl nunc rhoncus dui vel sem sed sagittis nam', '품절', '2020-12-05 00:00:00', '2021-09-23 00:00:00'),
	(575, '207824260-8', '만화', 'Quo Lux', 'Krysta', 'Voonder', 992, 28990, 'noimage.png', 'gravida sem praesent id massa id nisl venenatis lacinia aenean sit amet justo morbi ut odio', '구편절판', '2021-03-02 00:00:00', '2021-09-23 00:00:00'),
	(576, '673175196-0', '외국어', 'Andalax', 'Glenda', 'Jayo', 582, 16037, 'noimage.png', 'diam cras pellentesque volutpat dui maecenas tristique est et tempus semper est quam', '품절', '2020-10-24 00:00:00', '2021-09-23 00:00:00'),
	(577, '094150919-2', '경제', 'Lotlux', 'Christophe', 'Agivu', 945, 6433, 'noimage.png', 'lectus suspendisse potenti in eleifend quam a odio in hac habitasse platea dictumst', '절판', '2021-03-31 00:00:00', '2021-09-23 00:00:00'),
	(578, '328912489-4', '소설', 'Latlux', 'Ellsworth', 'Devpulse', 811, 15258, 'noimage.png', 'pulvinar sed nisl nunc rhoncus dui vel sem sed sagittis nam congue risus semper porta volutpat quam pede lobortis', '품절', '2021-08-11 00:00:00', '2021-09-23 00:00:00'),
	(579, '110829430-8', '종교', 'Lotlux', 'Darlene', 'Zoonoodle', 724, 27923, 'noimage.png', 'dapibus nulla suscipit ligula in lacus curabitur at ipsum ac tellus semper interdum mauris ullamcorper purus sit amet nulla', '품절', '2021-02-25 00:00:00', '2021-09-23 00:00:00'),
	(580, '915263531-7', '여행', 'It', 'Maureen', 'Rooxo', 106, 16704, 'noimage.png', 'vitae mattis nibh ligula nec sem duis aliquam convallis nunc proin at turpis a pede posuere nonummy integer non velit', '판매중', '2021-06-07 00:00:00', '2021-09-23 00:00:00'),
	(581, '268536114-6', '미술', 'Tempsoft', 'Stillmann', 'Jabberstorm', 394, 28221, 'noimage.png', 'ipsum aliquam non mauris morbi non lectus aliquam sit amet diam in magna bibendum imperdiet nullam orci', '판매중', '2020-10-03 00:00:00', '2021-09-23 00:00:00'),
	(582, '486102727-6', '소설', 'Alphazap', 'Natalee', 'Babbleopia', 791, 20793, 'noimage.png', 'elementum pellentesque quisque porta volutpat erat quisque erat eros viverra eget congue eget', '품절', '2021-01-13 00:00:00', '2021-09-23 00:00:00'),
	(583, '427440023-9', '경제', 'Stim', 'Kermit', 'Lazz', 224, 26512, 'noimage.png', 'nullam sit amet turpis elementum ligula vehicula consequat morbi a ipsum', '절판', '2021-05-17 00:00:00', '2021-09-23 00:00:00'),
	(584, '067157484-1', '경제', 'Cookley', 'Meredithe', 'Innotype', 510, 28554, 'noimage.png', 'ultrices erat tortor sollicitudin mi sit amet lobortis sapien sapien non mi integer ac', '판매중', '2020-10-14 00:00:00', '2021-09-23 00:00:00'),
	(585, '380167715-X', '경제', 'Hatity', 'Angie', 'Voolith', 304, 19094, 'noimage.png', 'lacus at velit vivamus vel nulla eget eros elementum pellentesque quisque porta volutpat erat quisque erat', '구편절판', '2020-12-20 00:00:00', '2021-09-23 00:00:00'),
	(586, '708497116-5', '만화', 'Zathin', 'Sofia', 'Bubblebox', 130, 8701, 'noimage.png', 'eu massa donec dapibus duis at velit eu est congue elementum in hac habitasse', '품절', '2021-05-06 00:00:00', '2021-09-23 00:00:00'),
	(587, '283363836-1', '소설', 'Veribet', 'Rowland', 'Dabjam', 463, 10714, 'noimage.png', 'consequat varius integer ac leo pellentesque ultrices mattis odio donec vitae', '절판', '2020-12-30 00:00:00', '2021-09-23 00:00:00'),
	(588, '766803913-9', '만화', 'Kanlam', 'Dulcea', 'Midel', 343, 28559, 'noimage.png', 'nisl duis ac nibh fusce lacus purus aliquet at feugiat non pretium quis lectus', '구편절판', '2021-03-06 00:00:00', '2021-09-23 00:00:00'),
	(589, '523805666-4', '경제', 'Redhold', 'Beatrice', 'Buzzshare', 450, 12237, 'noimage.png', 'felis eu sapien cursus vestibulum proin eu mi nulla ac enim in', '판매중', '2020-10-07 00:00:00', '2021-09-23 00:00:00'),
	(590, '155927175-2', '미술', 'Otcom', 'Crosby', 'Realblab', 366, 20462, 'noimage.png', 'ut at dolor quis odio consequat varius integer ac leo pellentesque ultrices mattis odio donec vitae nisi nam', '구편절판', '2021-08-19 00:00:00', '2021-09-23 00:00:00'),
	(591, '091068234-8', '만화', 'Flexidy', 'Colby', 'Trilia', 177, 14522, 'noimage.png', 'at velit vivamus vel nulla eget eros elementum pellentesque quisque porta volutpat erat quisque erat eros viverra eget congue eget', '절판', '2021-06-03 00:00:00', '2021-09-23 00:00:00'),
	(592, '838595941-6', '여행', 'Sonsing', 'Jacquenetta', 'Quinu', 948, 16946, 'noimage.png', 'mi sit amet lobortis sapien sapien non mi integer ac neque duis bibendum morbi', '판매중', '2021-08-15 00:00:00', '2021-09-23 00:00:00'),
	(593, '189984670-0', '경제', 'Veribet', 'Margareta', 'Skimia', 324, 5873, 'noimage.png', 'odio donec vitae nisi nam ultrices libero non mattis pulvinar nulla pede ullamcorper augue a suscipit nulla elit ac', '판매중', '2021-08-31 00:00:00', '2021-09-23 00:00:00'),
	(594, '149921082-5', '소설', 'Treeflex', 'Linnet', 'Roodel', 170, 19972, 'noimage.png', 'sapien a libero nam dui proin leo odio porttitor id', '절판', '2021-06-11 00:00:00', '2021-09-23 00:00:00'),
	(595, '648986051-1', '미술', 'Aerified', 'Savina', 'Snaptags', 159, 27063, 'noimage.png', 'in magna bibendum imperdiet nullam orci pede venenatis non sodales sed tincidunt eu felis fusce posuere felis', '품절', '2021-02-03 00:00:00', '2021-09-23 00:00:00'),
	(596, '215907302-4', '소설', 'Alphazap', 'Vasilis', 'Avamm', 236, 23086, 'noimage.png', 'morbi ut odio cras mi pede malesuada in imperdiet et commodo vulputate justo in blandit ultrices enim lorem ipsum dolor', '품절', '2021-06-08 00:00:00', '2021-09-23 00:00:00'),
	(597, '711089412-6', '만화', 'Bigtax', 'Bastian', 'Yodo', 240, 17103, 'noimage.png', 'aliquam augue quam sollicitudin vitae consectetuer eget rutrum at lorem integer tincidunt ante', '구편절판', '2021-08-29 00:00:00', '2021-09-23 00:00:00'),
	(598, '420316610-1', '외국어', 'Home Ing', 'Britt', 'Kwimbee', 322, 11944, 'noimage.png', 'id pretium iaculis diam erat fermentum justo nec condimentum neque sapien placerat ante nulla justo aliquam quis turpis eget elit', '품절', '2021-02-20 00:00:00', '2021-09-23 00:00:00'),
	(599, '611429370-3', '여행', 'Alpha', 'Carissa', 'Eamia', 506, 18164, 'noimage.png', 'sed justo pellentesque viverra pede ac diam cras pellentesque volutpat dui maecenas', '품절', '2021-08-25 00:00:00', '2021-09-23 00:00:00'),
	(600, '841156389-8', '소설', 'Vagram', 'Miner', 'Twiyo', 656, 24285, 'noimage.png', 'laoreet ut rhoncus aliquet pulvinar sed nisl nunc rhoncus dui vel sem sed sagittis', '구편절판', '2021-02-23 00:00:00', '2021-09-23 00:00:00'),
	(601, '414201335-1', '미술', 'Cookley', 'Garwin', 'Gigazoom', 150, 8968, 'noimage.png', 'felis sed lacus morbi sem mauris laoreet ut rhoncus aliquet pulvinar sed nisl nunc rhoncus dui vel sem', '판매중', '2020-12-15 00:00:00', '2021-09-23 00:00:00'),
	(602, '814322379-5', '소설', 'Kanlam', 'Devlin', 'Yodoo', 895, 28290, 'noimage.png', 'porta volutpat erat quisque erat eros viverra eget congue eget semper rutrum nulla nunc', '구편절판', '2021-07-28 00:00:00', '2021-09-23 00:00:00'),
	(603, '809635347-0', '여행', 'Redhold', 'Teddie', 'Quatz', 390, 22127, 'noimage.png', 'luctus et ultrices posuere cubilia curae duis faucibus accumsan odio curabitur convallis duis', '절판', '2021-07-26 00:00:00', '2021-09-23 00:00:00'),
	(604, '801056127-4', '경제', 'Flexidy', 'Sybille', 'Kare', 241, 17416, 'noimage.png', 'in libero ut massa volutpat convallis morbi odio odio elementum eu interdum eu tincidunt in leo maecenas pulvinar', '구편절판', '2020-09-25 00:00:00', '2021-09-23 00:00:00'),
	(605, '805184888-8', '경제', 'Zontrax', 'Rafa', 'Dynazzy', 116, 20517, 'noimage.png', 'in hac habitasse platea dictumst aliquam augue quam sollicitudin vitae consectetuer eget rutrum', '절판', '2021-09-01 00:00:00', '2021-09-23 00:00:00'),
	(606, '113255052-1', '만화', 'Alphazap', 'Dalston', 'Katz', 653, 27486, 'noimage.png', 'vestibulum ante ipsum primis in faucibus orci luctus et ultrices posuere cubilia', '절판', '2021-09-11 00:00:00', '2021-09-23 00:00:00'),
	(607, '141147110-5', '여행', 'Konklux', 'Ediva', 'Mymm', 381, 18312, 'noimage.png', 'pede malesuada in imperdiet et commodo vulputate justo in blandit ultrices enim lorem ipsum dolor', '구편절판', '2021-05-28 00:00:00', '2021-09-23 00:00:00'),
	(608, '185824170-7', '만화', 'Gembucket', 'Paulie', 'Zazio', 823, 29317, 'noimage.png', 'sem sed sagittis nam congue risus semper porta volutpat quam pede lobortis ligula', '구편절판', '2020-11-22 00:00:00', '2021-09-23 00:00:00'),
	(609, '297186037-X', '경제', 'Zontrax', 'Jacobo', 'Devpulse', 418, 16652, 'noimage.png', 'id nulla ultrices aliquet maecenas leo odio condimentum id luctus nec molestie sed justo pellentesque', '판매중', '2021-07-29 00:00:00', '2021-09-23 00:00:00'),
	(610, '726678162-0', '여행', 'Fixflex', 'Edythe', 'Pixoboo', 831, 27519, 'noimage.png', 'eget rutrum at lorem integer tincidunt ante vel ipsum praesent blandit lacinia erat vestibulum sed magna at nunc commodo', '판매중', '2021-01-14 00:00:00', '2021-09-23 00:00:00'),
	(611, '618680863-7', '소설', 'Job', 'Nikos', 'Jetpulse', 760, 8613, 'noimage.png', 'in blandit ultrices enim lorem ipsum dolor sit amet consectetuer adipiscing elit proin', '절판', '2021-05-20 00:00:00', '2021-09-23 00:00:00'),
	(612, '526528645-4', '경제', 'Otcom', 'Blair', 'Gigazoom', 342, 23669, 'noimage.png', 'est et tempus semper est quam pharetra magna ac consequat metus sapien ut nunc vestibulum', '절판', '2021-02-27 00:00:00', '2021-09-23 00:00:00'),
	(613, '669391815-8', '경제', 'Zontrax', 'Fan', 'Voonder', 405, 5251, 'noimage.png', 'in blandit ultrices enim lorem ipsum dolor sit amet consectetuer adipiscing elit', '구편절판', '2021-09-12 00:00:00', '2021-09-23 00:00:00'),
	(614, '671473085-3', '미술', 'Matsoft', 'Spike', 'Skidoo', 458, 28997, 'noimage.png', 'auctor sed tristique in tempus sit amet sem fusce consequat nulla nisl nunc', '품절', '2021-03-10 00:00:00', '2021-09-23 00:00:00'),
	(615, '237946487-1', '소설', 'Konklab', 'Maurene', 'Linkbuzz', 536, 5116, 'noimage.png', 'sodales sed tincidunt eu felis fusce posuere felis sed lacus morbi sem mauris laoreet ut rhoncus', '구편절판', '2021-02-01 00:00:00', '2021-09-23 00:00:00'),
	(616, '977900339-8', '만화', 'Cookley', 'Bank', 'Fliptune', 135, 14525, 'noimage.png', 'at vulputate vitae nisl aenean lectus pellentesque eget nunc donec', '판매중', '2020-09-27 00:00:00', '2021-09-23 00:00:00'),
	(617, '021798059-7', '만화', 'Konklab', 'Bev', 'Jabbersphere', 414, 16735, 'noimage.png', 'non sodales sed tincidunt eu felis fusce posuere felis sed lacus morbi sem mauris laoreet ut rhoncus', '판매중', '2020-12-10 00:00:00', '2021-09-23 00:00:00'),
	(618, '708888321-X', '만화', 'Ronstring', 'Quinta', 'Centimia', 698, 25648, 'noimage.png', 'nonummy integer non velit donec diam neque vestibulum eget vulputate ut ultrices vel augue vestibulum ante ipsum', '구편절판', '2021-08-13 00:00:00', '2021-09-23 00:00:00'),
	(619, '837475451-6', '외국어', 'Zamit', 'Tabor', 'Blogpad', 806, 17051, 'noimage.png', 'eros suspendisse accumsan tortor quis turpis sed ante vivamus tortor duis mattis', '구편절판', '2021-01-17 00:00:00', '2021-09-23 00:00:00'),
	(620, '326879090-9', '종교', 'Greenlam', 'Lettie', 'Dazzlesphere', 201, 21503, 'noimage.png', 'purus sit amet nulla quisque arcu libero rutrum ac lobortis vel dapibus at diam nam tristique tortor', '판매중', '2021-06-28 00:00:00', '2021-09-23 00:00:00'),
	(621, '173196777-2', '만화', 'Asoka', 'Zelda', 'Aimbu', 890, 11008, 'noimage.png', 'tincidunt in leo maecenas pulvinar lobortis est phasellus sit amet erat nulla tempus vivamus in felis eu sapien cursus', '품절', '2021-09-07 00:00:00', '2021-09-23 00:00:00'),
	(622, '093984556-3', '만화', 'Zamit', 'Hildy', 'Realcube', 260, 15658, 'noimage.png', 'erat tortor sollicitudin mi sit amet lobortis sapien sapien non mi integer ac neque duis bibendum morbi', '판매중', '2021-07-21 00:00:00', '2021-09-23 00:00:00'),
	(623, '101092730-2', '여행', 'Konklux', 'Hamilton', 'Muxo', 637, 22598, 'noimage.png', 'pellentesque ultrices phasellus id sapien in sapien iaculis congue vivamus metus arcu adipiscing molestie hendrerit at vulputate', '품절', '2020-11-03 00:00:00', '2021-09-23 00:00:00'),
	(624, '568296996-0', '경제', 'Tin', 'Liliane', 'Centidel', 639, 16819, 'noimage.png', 'donec diam neque vestibulum eget vulputate ut ultrices vel augue vestibulum ante ipsum primis in faucibus orci luctus et', '절판', '2021-09-02 00:00:00', '2021-09-23 00:00:00'),
	(625, '234109221-7', '종교', 'Rank', 'Mariya', 'Yodo', 1000, 16785, 'noimage.png', 'convallis morbi odio odio elementum eu interdum eu tincidunt in leo maecenas pulvinar lobortis est phasellus sit amet erat nulla', '절판', '2021-04-21 00:00:00', '2021-09-23 00:00:00'),
	(626, '342058597-7', '외국어', 'Tampflex', 'Elnar', 'Omba', 532, 13316, 'noimage.png', 'non mi integer ac neque duis bibendum morbi non quam nec dui luctus rutrum nulla tellus in sagittis dui vel', '구편절판', '2021-06-22 00:00:00', '2021-09-23 00:00:00'),
	(627, '645930328-2', '종교', 'Solarbreeze', 'Vilhelmina', 'Plajo', 669, 22108, 'noimage.png', 'vestibulum aliquet ultrices erat tortor sollicitudin mi sit amet lobortis sapien', '판매중', '2021-06-01 00:00:00', '2021-09-23 00:00:00'),
	(628, '642712378-5', '만화', 'Cardify', 'Job', 'Photofeed', 889, 21290, 'noimage.png', 'integer tincidunt ante vel ipsum praesent blandit lacinia erat vestibulum sed magna at nunc commodo placerat praesent blandit nam nulla', '구편절판', '2021-02-20 00:00:00', '2021-09-23 00:00:00'),
	(629, '294837299-2', '소설', 'Daltfresh', 'Muffin', 'Roodel', 516, 9402, 'noimage.png', 'cras in purus eu magna vulputate luctus cum sociis natoque penatibus et magnis dis parturient montes', '판매중', '2021-01-22 00:00:00', '2021-09-23 00:00:00'),
	(630, '335383854-6', '미술', 'Alpha', 'Jody', 'Zoomdog', 869, 24094, 'noimage.png', 'vestibulum sit amet cursus id turpis integer aliquet massa id lobortis convallis tortor', '판매중', '2020-11-27 00:00:00', '2021-09-23 00:00:00'),
	(631, '984662109-4', '만화', 'Aerified', 'Yank', 'Wordpedia', 648, 29487, 'noimage.png', 'sapien urna pretium nisl ut volutpat sapien arcu sed augue aliquam erat volutpat in congue etiam justo', '절판', '2021-06-06 00:00:00', '2021-09-23 00:00:00'),
	(632, '079602364-6', '외국어', 'Flowdesk', 'Albina', 'Rhyzio', 253, 11903, 'noimage.png', 'justo in blandit ultrices enim lorem ipsum dolor sit amet consectetuer adipiscing elit proin interdum mauris non ligula', '품절', '2021-08-05 00:00:00', '2021-09-23 00:00:00'),
	(633, '596378178-7', '외국어', 'Zaam-Dox', 'Maryrose', 'Tavu', 798, 17077, 'noimage.png', 'pulvinar lobortis est phasellus sit amet erat nulla tempus vivamus in felis eu sapien cursus vestibulum proin eu', '품절', '2020-12-29 00:00:00', '2021-09-23 00:00:00'),
	(634, '494733603-X', '만화', 'Zontrax', 'Mellie', 'Demimbu', 612, 16829, 'noimage.png', 'nibh ligula nec sem duis aliquam convallis nunc proin at', '품절', '2021-07-31 00:00:00', '2021-09-23 00:00:00'),
	(635, '780243813-6', '외국어', 'Vagram', 'Lesya', 'Feedbug', 100, 23356, 'noimage.png', 'ut mauris eget massa tempor convallis nulla neque libero convallis eget eleifend luctus ultricies eu nibh quisque', '절판', '2021-04-23 00:00:00', '2021-09-23 00:00:00'),
	(636, '728085014-6', '미술', 'Viva', 'Vito', 'Voonix', 645, 24279, 'noimage.png', 'quis orci nullam molestie nibh in lectus pellentesque at nulla suspendisse potenti', '품절', '2021-09-12 00:00:00', '2021-09-23 00:00:00'),
	(637, '458031993-1', '여행', 'Tresom', 'Aryn', 'Gigazoom', 400, 16123, 'noimage.png', 'augue aliquam erat volutpat in congue etiam justo etiam pretium iaculis justo in hac habitasse platea dictumst etiam faucibus', '구편절판', '2021-06-21 00:00:00', '2021-09-23 00:00:00'),
	(638, '813576008-6', '만화', 'Wrapsafe', 'Redford', 'Wordware', 728, 8694, 'noimage.png', 'tempus sit amet sem fusce consequat nulla nisl nunc nisl duis bibendum felis sed interdum venenatis turpis', '구편절판', '2020-11-08 00:00:00', '2021-09-23 00:00:00'),
	(639, '764746508-2', '미술', 'Zoolab', 'Damon', 'Chatterbridge', 885, 22550, 'noimage.png', 'adipiscing elit proin interdum mauris non ligula pellentesque ultrices phasellus', '품절', '2021-01-28 00:00:00', '2021-09-23 00:00:00'),
	(640, '693954266-3', '미술', 'Trippledex', 'Worden', 'Flipbug', 400, 7672, 'noimage.png', 'ligula pellentesque ultrices phasellus id sapien in sapien iaculis congue vivamus metus arcu adipiscing molestie hendrerit at vulputate', '구편절판', '2021-09-16 00:00:00', '2021-09-23 00:00:00'),
	(641, '971848824-3', '소설', 'Bamity', 'Lyman', 'Flashspan', 332, 14643, 'noimage.png', 'libero nam dui proin leo odio porttitor id consequat in consequat ut nulla sed accumsan felis ut at dolor quis', '판매중', '2020-11-02 00:00:00', '2021-09-23 00:00:00'),
	(642, '257885349-5', '만화', 'Lotlux', 'Gale', 'Livefish', 127, 21408, 'noimage.png', 'vel ipsum praesent blandit lacinia erat vestibulum sed magna at nunc commodo placerat praesent', '구편절판', '2021-02-20 00:00:00', '2021-09-23 00:00:00'),
	(643, '645527420-2', '미술', 'Veribet', 'Joshua', 'Tagfeed', 445, 28131, 'noimage.png', 'eleifend luctus ultricies eu nibh quisque id justo sit amet', '구편절판', '2021-02-21 00:00:00', '2021-09-23 00:00:00'),
	(644, '698810620-0', '경제', 'Keylex', 'Pam', 'Skalith', 955, 10543, 'noimage.png', 'elementum in hac habitasse platea dictumst morbi vestibulum velit id pretium', '품절', '2021-02-07 00:00:00', '2021-09-23 00:00:00'),
	(645, '890824628-2', '경제', 'Opela', 'Aggi', 'Skyble', 171, 14898, 'noimage.png', 'felis eu sapien cursus vestibulum proin eu mi nulla ac enim in tempor', '판매중', '2020-11-24 00:00:00', '2021-09-23 00:00:00'),
	(646, '226470635-X', '미술', 'Gembucket', 'Salomi', 'Shufflebeat', 655, 22696, 'noimage.png', 'lectus in quam fringilla rhoncus mauris enim leo rhoncus sed', '구편절판', '2021-05-03 00:00:00', '2021-09-23 00:00:00'),
	(647, '751474343-X', '여행', 'Ventosanzap', 'Maxwell', 'Wikivu', 586, 28756, 'noimage.png', 'volutpat convallis morbi odio odio elementum eu interdum eu tincidunt in leo maecenas', '판매중', '2020-12-01 00:00:00', '2021-09-23 00:00:00'),
	(648, '382704065-5', '경제', 'Flexidy', 'Jamesy', 'Gigaclub', 105, 17537, 'noimage.png', 'ac nibh fusce lacus purus aliquet at feugiat non pretium quis lectus suspendisse potenti in eleifend quam a odio in', '품절', '2021-05-30 00:00:00', '2021-09-23 00:00:00'),
	(649, '214802014-5', '외국어', 'Lotstring', 'Andrej', 'Tanoodle', 970, 16540, 'noimage.png', 'mi pede malesuada in imperdiet et commodo vulputate justo in blandit ultrices enim lorem ipsum dolor sit amet consectetuer adipiscing', '절판', '2021-08-21 00:00:00', '2021-09-23 00:00:00'),
	(650, '585305084-2', '종교', 'Tin', 'Sande', 'Lazzy', 422, 7513, 'noimage.png', 'ut massa quis augue luctus tincidunt nulla mollis molestie lorem quisque ut erat curabitur gravida nisi at nibh', '절판', '2021-08-17 00:00:00', '2021-09-23 00:00:00'),
	(651, '953653359-6', '소설', 'Bytecard', 'Sallyanne', 'Feedfish', 458, 27731, 'noimage.png', 'lacus purus aliquet at feugiat non pretium quis lectus suspendisse potenti in eleifend quam a odio in hac', '품절', '2021-05-10 00:00:00', '2021-09-23 00:00:00'),
	(652, '908691467-5', '여행', 'Hatity', 'Theresina', 'Oyonder', 273, 19285, 'noimage.png', 'id sapien in sapien iaculis congue vivamus metus arcu adipiscing molestie hendrerit at', '판매중', '2021-09-07 00:00:00', '2021-09-23 00:00:00'),
	(653, '601557771-1', '만화', 'Cookley', 'Melva', 'Gabtype', 380, 28195, 'noimage.png', 'ut volutpat sapien arcu sed augue aliquam erat volutpat in congue etiam justo etiam pretium iaculis justo in', '품절', '2021-07-11 00:00:00', '2021-09-23 00:00:00'),
	(654, '218653526-2', '소설', 'Zoolab', 'Lainey', 'Oyondu', 982, 16492, 'noimage.png', 'sapien a libero nam dui proin leo odio porttitor id consequat in consequat ut nulla sed', '판매중', '2020-11-12 00:00:00', '2021-09-23 00:00:00'),
	(655, '219741963-3', '만화', 'Prodder', 'Cathee', 'Quimm', 189, 14238, 'noimage.png', 'hendrerit at vulputate vitae nisl aenean lectus pellentesque eget nunc', '품절', '2021-03-05 00:00:00', '2021-09-23 00:00:00'),
	(656, '156311480-1', '여행', 'Transcof', 'Scarlet', 'Kaymbo', 174, 22766, 'noimage.png', 'mi integer ac neque duis bibendum morbi non quam nec', '절판', '2020-12-28 00:00:00', '2021-09-23 00:00:00'),
	(657, '648958498-0', '소설', 'Opela', 'Mariska', 'Realcube', 719, 7732, 'noimage.png', 'amet eros suspendisse accumsan tortor quis turpis sed ante vivamus tortor duis', '판매중', '2021-09-07 00:00:00', '2021-09-23 00:00:00'),
	(658, '118501865-4', '경제', 'Ronstring', 'Alyce', 'Skyvu', 840, 11010, 'noimage.png', 'duis at velit eu est congue elementum in hac habitasse platea dictumst morbi vestibulum velit id pretium', '품절', '2021-07-25 00:00:00', '2021-09-23 00:00:00'),
	(659, '203153724-5', '경제', 'Alphazap', 'Kakalina', 'Feedspan', 671, 24744, 'noimage.png', 'nec molestie sed justo pellentesque viverra pede ac diam cras pellentesque volutpat dui', '절판', '2021-05-15 00:00:00', '2021-09-23 00:00:00'),
	(660, '595866002-0', '여행', 'Zoolab', 'Aile', 'Nlounge', 874, 24140, 'noimage.png', 'volutpat quam pede lobortis ligula sit amet eleifend pede libero quis orci', '절판', '2021-04-07 00:00:00', '2021-09-23 00:00:00'),
	(661, '309830602-5', '여행', 'Cardify', 'Elisabeth', 'Demizz', 943, 25173, 'noimage.png', 'est et tempus semper est quam pharetra magna ac consequat metus', '절판', '2021-05-16 00:00:00', '2021-09-23 00:00:00'),
	(662, '865797079-1', '여행', 'Alpha', 'Griff', 'Edgeblab', 555, 18935, 'noimage.png', 'praesent id massa id nisl venenatis lacinia aenean sit amet', '판매중', '2021-07-15 00:00:00', '2021-09-23 00:00:00'),
	(663, '023446154-3', '종교', 'Lotstring', 'Wayne', 'Edgewire', 527, 22243, 'noimage.png', 'ligula pellentesque ultrices phasellus id sapien in sapien iaculis congue vivamus metus arcu adipiscing molestie hendrerit at vulputate vitae', '판매중', '2021-08-30 00:00:00', '2021-09-23 00:00:00'),
	(664, '036188859-7', '경제', 'Y-find', 'Mikey', 'Tagpad', 988, 25026, 'noimage.png', 'in libero ut massa volutpat convallis morbi odio odio elementum eu interdum eu tincidunt', '절판', '2021-03-04 00:00:00', '2021-09-23 00:00:00'),
	(665, '409377950-3', '경제', 'Fix San', 'Karoly', 'Flashdog', 353, 12899, 'noimage.png', 'ligula vehicula consequat morbi a ipsum integer a nibh in quis justo maecenas rhoncus aliquam lacus morbi', '절판', '2021-09-21 00:00:00', '2021-09-23 00:00:00'),
	(666, '501081575-3', '경제', 'Wrapsafe', 'Vinny', 'Thoughtmix', 487, 21413, 'noimage.png', 'justo morbi ut odio cras mi pede malesuada in imperdiet et commodo vulputate justo in blandit ultrices enim', '절판', '2021-04-09 00:00:00', '2021-09-23 00:00:00'),
	(667, '928865718-5', '외국어', 'Fix San', 'Eda', 'Trilith', 518, 11754, 'noimage.png', 'sapien non mi integer ac neque duis bibendum morbi non quam nec dui luctus rutrum nulla tellus in', '절판', '2021-07-11 00:00:00', '2021-09-23 00:00:00'),
	(668, '616520422-8', '소설', 'Tempsoft', 'Farlee', 'Vinte', 433, 25025, 'noimage.png', 'erat vestibulum sed magna at nunc commodo placerat praesent blandit nam nulla integer pede justo', '판매중', '2021-03-18 00:00:00', '2021-09-23 00:00:00'),
	(669, '470553527-8', '외국어', 'Y-Solowarm', 'Gayelord', 'Trupe', 683, 29907, 'noimage.png', 'nec condimentum neque sapien placerat ante nulla justo aliquam quis', '판매중', '2021-08-29 00:00:00', '2021-09-23 00:00:00'),
	(670, '994849737-6', '소설', 'Viva', 'Marlow', 'Twitterbeat', 732, 18005, 'noimage.png', 'quam sapien varius ut blandit non interdum in ante vestibulum ante ipsum primis in faucibus orci', '구편절판', '2021-02-09 00:00:00', '2021-09-23 00:00:00'),
	(671, '896246429-2', '만화', 'Veribet', 'Giffy', 'Skiba', 657, 17568, 'noimage.png', 'pretium iaculis diam erat fermentum justo nec condimentum neque sapien placerat ante', '품절', '2021-01-27 00:00:00', '2021-09-23 00:00:00'),
	(672, '868659602-9', '종교', 'Zontrax', 'Chan', 'Minyx', 575, 26624, 'noimage.png', 'velit eu est congue elementum in hac habitasse platea dictumst', '판매중', '2020-12-20 00:00:00', '2021-09-23 00:00:00'),
	(673, '906231649-2', '만화', 'Matsoft', 'Appolonia', 'Trudoo', 302, 6070, 'noimage.png', 'sit amet sem fusce consequat nulla nisl nunc nisl duis bibendum felis sed interdum', '절판', '2020-10-31 00:00:00', '2021-09-23 00:00:00'),
	(674, '274298262-0', '여행', 'Aerified', 'Robinett', 'Livefish', 438, 15424, 'noimage.png', 'gravida nisi at nibh in hac habitasse platea dictumst aliquam augue quam sollicitudin vitae consectetuer eget rutrum', '판매중', '2021-05-22 00:00:00', '2021-09-23 00:00:00'),
	(675, '599660216-4', '여행', 'Alpha', 'Lazare', 'Riffpedia', 508, 28216, 'noimage.png', 'semper sapien a libero nam dui proin leo odio porttitor id consequat in consequat ut nulla sed accumsan felis', '구편절판', '2021-08-27 00:00:00', '2021-09-23 00:00:00'),
	(676, '859580159-2', '종교', 'Cardify', 'Stan', 'Roodel', 753, 11325, 'noimage.png', 'erat tortor sollicitudin mi sit amet lobortis sapien sapien non mi integer', '절판', '2021-09-16 00:00:00', '2021-09-23 00:00:00'),
	(677, '085392285-3', '소설', 'Ventosanzap', 'Agnella', 'Flashset', 790, 16476, 'noimage.png', 'fusce posuere felis sed lacus morbi sem mauris laoreet ut rhoncus', '구편절판', '2021-08-21 00:00:00', '2021-09-23 00:00:00'),
	(678, '856146272-8', '미술', 'Sonair', 'Jacobo', 'Tagpad', 802, 9144, 'noimage.png', 'praesent blandit lacinia erat vestibulum sed magna at nunc commodo placerat praesent blandit nam nulla integer', '품절', '2021-01-06 00:00:00', '2021-09-23 00:00:00'),
	(679, '962481488-0', '미술', 'Aerified', 'Welby', 'InnoZ', 272, 12546, 'noimage.png', 'ut erat curabitur gravida nisi at nibh in hac habitasse platea', '절판', '2021-01-05 00:00:00', '2021-09-23 00:00:00'),
	(680, '867990242-X', '외국어', 'Latlux', 'Dodie', 'BlogXS', 548, 12300, 'noimage.png', 'enim in tempor turpis nec euismod scelerisque quam turpis adipiscing lorem vitae mattis nibh ligula nec sem', '절판', '2021-04-30 00:00:00', '2021-09-23 00:00:00'),
	(681, '308530206-9', '외국어', 'Bamity', 'Paul', 'Feedfish', 217, 17109, 'noimage.png', 'nulla sed vel enim sit amet nunc viverra dapibus nulla suscipit ligula', '구편절판', '2021-08-22 00:00:00', '2021-09-23 00:00:00'),
	(682, '073709779-5', '만화', 'Latlux', 'Germana', 'Voomm', 918, 6595, 'noimage.png', 'vestibulum ante ipsum primis in faucibus orci luctus et ultrices posuere cubilia', '구편절판', '2020-10-19 00:00:00', '2021-09-23 00:00:00'),
	(683, '908490738-8', '종교', 'Prodder', 'Bird', 'Zoomcast', 441, 15232, 'noimage.png', 'lacus curabitur at ipsum ac tellus semper interdum mauris ullamcorper purus sit amet nulla', '절판', '2020-11-27 00:00:00', '2021-09-23 00:00:00'),
	(684, '593581994-5', '만화', 'Daltfresh', 'Pinchas', 'Oyoyo', 542, 6273, 'noimage.png', 'vitae nisi nam ultrices libero non mattis pulvinar nulla pede ullamcorper augue a suscipit nulla elit ac', '판매중', '2021-06-02 00:00:00', '2021-09-23 00:00:00'),
	(685, '997263642-9', '만화', 'Pannier', 'Tove', 'Dablist', 817, 14795, 'noimage.png', 'eget eros elementum pellentesque quisque porta volutpat erat quisque erat eros viverra eget congue eget semper rutrum nulla', '품절', '2021-06-21 00:00:00', '2021-09-23 00:00:00'),
	(686, '384336849-X', '미술', 'Wrapsafe', 'Meyer', 'Youspan', 928, 7095, 'noimage.png', 'sapien a libero nam dui proin leo odio porttitor id consequat in consequat ut nulla sed accumsan felis ut at', '절판', '2021-01-10 00:00:00', '2021-09-23 00:00:00'),
	(687, '895187614-4', '만화', 'Lotstring', 'Jenni', 'Kazu', 410, 9925, 'noimage.png', 'pede lobortis ligula sit amet eleifend pede libero quis orci', '구편절판', '2021-03-04 00:00:00', '2021-09-23 00:00:00'),
	(688, '504604692-X', '미술', 'It', 'Stu', 'Dynazzy', 419, 21412, 'noimage.png', 'interdum eu tincidunt in leo maecenas pulvinar lobortis est phasellus sit amet erat nulla tempus', '절판', '2020-10-30 00:00:00', '2021-09-23 00:00:00'),
	(689, '166059733-1', '경제', 'Bytecard', 'Borden', 'Oodoo', 218, 17905, 'noimage.png', 'elit ac nulla sed vel enim sit amet nunc viverra dapibus nulla', '판매중', '2021-08-08 00:00:00', '2021-09-23 00:00:00'),
	(690, '975584698-0', '미술', 'Tin', 'Nonna', 'Dabjam', 967, 25401, 'noimage.png', 'sapien non mi integer ac neque duis bibendum morbi non quam nec dui luctus rutrum nulla tellus', '판매중', '2021-04-07 00:00:00', '2021-09-23 00:00:00'),
	(691, '273965039-6', '만화', 'Overhold', 'Chrissy', 'Mynte', 317, 26994, 'noimage.png', 'amet lobortis sapien sapien non mi integer ac neque duis bibendum', '절판', '2020-10-14 00:00:00', '2021-09-23 00:00:00'),
	(692, '321970852-8', '미술', 'Greenlam', 'Jerrie', 'Voonte', 233, 24382, 'noimage.png', 'vestibulum sit amet cursus id turpis integer aliquet massa id lobortis convallis tortor risus dapibus augue vel accumsan tellus nisi', '품절', '2020-09-25 00:00:00', '2021-09-23 00:00:00'),
	(693, '114921861-4', '소설', 'Pannier', 'Christos', 'Avamm', 557, 27023, 'noimage.png', 'magnis dis parturient montes nascetur ridiculus mus vivamus vestibulum sagittis sapien cum sociis natoque penatibus et magnis', '절판', '2021-01-30 00:00:00', '2021-09-23 00:00:00'),
	(694, '987060127-8', '경제', 'Ronstring', 'Nicola', 'Jamia', 350, 19659, 'noimage.png', 'orci pede venenatis non sodales sed tincidunt eu felis fusce', '판매중', '2021-04-26 00:00:00', '2021-09-23 00:00:00'),
	(695, '253070551-8', '경제', 'Lotlux', 'Kermie', 'Meevee', 440, 11571, 'noimage.png', 'proin interdum mauris non ligula pellentesque ultrices phasellus id sapien in sapien iaculis congue vivamus metus arcu adipiscing molestie', '품절', '2021-08-09 00:00:00', '2021-09-23 00:00:00'),
	(696, '801445157-0', '만화', 'Toughjoyfax', 'Ansley', 'Skaboo', 443, 20924, 'noimage.png', 'convallis tortor risus dapibus augue vel accumsan tellus nisi eu orci mauris lacinia sapien quis libero', '품절', '2020-10-20 00:00:00', '2021-09-23 00:00:00'),
	(697, '885014222-6', '미술', 'Tampflex', 'Michele', 'Riffwire', 698, 12928, 'noimage.png', 'dictumst morbi vestibulum velit id pretium iaculis diam erat fermentum justo nec condimentum neque sapien placerat ante nulla', '품절', '2020-12-23 00:00:00', '2021-09-23 00:00:00'),
	(698, '851795254-5', '미술', 'Tresom', 'Conrado', 'Ntag', 982, 8428, 'noimage.png', 'fermentum donec ut mauris eget massa tempor convallis nulla neque libero convallis eget', '구편절판', '2020-11-19 00:00:00', '2021-09-23 00:00:00'),
	(699, '633621889-9', '만화', 'Kanlam', 'Meridith', 'Voolia', 401, 20351, 'noimage.png', 'donec pharetra magna vestibulum aliquet ultrices erat tortor sollicitudin mi sit amet lobortis sapien sapien', '품절', '2020-10-17 00:00:00', '2021-09-23 00:00:00'),
	(700, '720662443-X', '경제', 'Trippledex', 'Morse', 'Youspan', 783, 14680, 'noimage.png', 'quam fringilla rhoncus mauris enim leo rhoncus sed vestibulum sit amet cursus id turpis integer aliquet massa id', '품절', '2020-10-08 00:00:00', '2021-09-23 00:00:00'),
	(701, '835293073-7', '만화', 'Flowdesk', 'Brandtr', 'Vidoo', 197, 7825, 'noimage.png', 'ultrices posuere cubilia curae donec pharetra magna vestibulum aliquet ultrices erat tortor sollicitudin mi sit amet lobortis sapien sapien', '품절', '2021-08-20 00:00:00', '2021-09-23 00:00:00'),
	(702, '767575535-9', '소설', 'Ventosanzap', 'Harmon', 'Aibox', 732, 19165, 'noimage.png', 'nulla pede ullamcorper augue a suscipit nulla elit ac nulla sed vel enim sit amet nunc viverra dapibus nulla', '절판', '2021-06-24 00:00:00', '2021-09-23 00:00:00'),
	(703, '294386365-3', '만화', 'Subin', 'Waldemar', 'Myworks', 176, 22674, 'noimage.png', 'morbi quis tortor id nulla ultrices aliquet maecenas leo odio condimentum id', '품절', '2021-09-07 00:00:00', '2021-09-23 00:00:00'),
	(704, '062475918-0', '미술', 'Redhold', 'Doralyn', 'Kayveo', 971, 8452, 'noimage.png', 'cursus urna ut tellus nulla ut erat id mauris vulputate elementum nullam varius nulla', '판매중', '2021-05-30 00:00:00', '2021-09-23 00:00:00'),
	(705, '739311720-7', '종교', 'Veribet', 'Cesare', 'Devify', 221, 19359, 'noimage.png', 'pellentesque viverra pede ac diam cras pellentesque volutpat dui maecenas tristique est et tempus semper', '판매중', '2020-10-24 00:00:00', '2021-09-23 00:00:00'),
	(706, '264337607-2', '소설', 'Tres-Zap', 'Saunderson', 'Vidoo', 817, 22050, 'noimage.png', 'leo rhoncus sed vestibulum sit amet cursus id turpis integer aliquet massa id lobortis', '절판', '2021-05-27 00:00:00', '2021-09-23 00:00:00'),
	(707, '404531927-1', '미술', 'Tin', 'Garrik', 'Kanoodle', 215, 15776, 'noimage.png', 'sodales scelerisque mauris sit amet eros suspendisse accumsan tortor quis turpis sed', '품절', '2021-07-17 00:00:00', '2021-09-23 00:00:00'),
	(708, '417496599-4', '여행', 'Sonair', 'Conroy', 'Reallinks', 678, 9210, 'noimage.png', 'at lorem integer tincidunt ante vel ipsum praesent blandit lacinia erat vestibulum sed magna at nunc commodo placerat praesent blandit', '판매중', '2021-06-22 00:00:00', '2021-09-23 00:00:00'),
	(709, '591907886-3', '소설', 'Cardguard', 'Addi', 'Yodel', 659, 5271, 'noimage.png', 'sagittis nam congue risus semper porta volutpat quam pede lobortis ligula sit amet eleifend pede libero', '절판', '2021-07-12 00:00:00', '2021-09-23 00:00:00'),
	(710, '085802604-X', '종교', 'Sonair', 'Tresa', 'Zooveo', 906, 11512, 'noimage.png', 'lacus morbi sem mauris laoreet ut rhoncus aliquet pulvinar sed nisl nunc rhoncus', '판매중', '2021-04-25 00:00:00', '2021-09-23 00:00:00'),
	(711, '962935415-2', '만화', 'Transcof', 'Urban', 'Dynava', 364, 29488, 'noimage.png', 'ante vivamus tortor duis mattis egestas metus aenean fermentum donec ut mauris eget massa tempor convallis', '판매중', '2021-01-01 00:00:00', '2021-09-23 00:00:00'),
	(712, '554457706-4', '경제', 'Bytecard', 'Quinton', 'Quamba', 317, 9498, 'noimage.png', 'eu felis fusce posuere felis sed lacus morbi sem mauris laoreet ut rhoncus aliquet pulvinar sed nisl nunc rhoncus dui', '절판', '2021-02-26 00:00:00', '2021-09-23 00:00:00'),
	(713, '490044909-1', '경제', 'Zaam-Dox', 'Samson', 'Kwimbee', 499, 16454, 'noimage.png', 'faucibus accumsan odio curabitur convallis duis consequat dui nec nisi volutpat eleifend donec ut dolor morbi vel lectus in', '절판', '2020-10-28 00:00:00', '2021-09-23 00:00:00'),
	(714, '313254691-7', '여행', 'Zoolab', 'Pancho', 'Oba', 303, 8756, 'noimage.png', 'vel lectus in quam fringilla rhoncus mauris enim leo rhoncus sed vestibulum sit amet cursus id turpis', '구편절판', '2021-08-16 00:00:00', '2021-09-23 00:00:00'),
	(715, '064354922-6', '경제', 'Matsoft', 'Felicia', 'Digitube', 698, 15499, 'noimage.png', 'nulla ultrices aliquet maecenas leo odio condimentum id luctus nec molestie', '구편절판', '2020-11-08 00:00:00', '2021-09-23 00:00:00'),
	(717, '549042265-3', '미술', 'Quo Lux', 'Artemis', 'Devify', 831, 25636, 'noimage.png', 'sed tristique in tempus sit amet sem fusce consequat nulla nisl nunc nisl duis bibendum felis', '품절', '2021-04-15 00:00:00', '2021-09-23 00:00:00'),
	(718, '726212069-7', '경제', 'Tempsoft', 'Jessalin', 'Blogtags', 504, 7554, 'noimage.png', 'sit amet eros suspendisse accumsan tortor quis turpis sed ante vivamus tortor duis', '판매중', '2021-07-19 00:00:00', '2021-09-23 00:00:00'),
	(719, '871811772-4', '소설', 'Bigtax', 'Aubrie', 'Zooxo', 916, 11912, 'noimage.png', 'in faucibus orci luctus et ultrices posuere cubilia curae mauris viverra diam vitae quam suspendisse potenti nullam porttitor', '판매중', '2021-04-03 00:00:00', '2021-09-23 00:00:00'),
	(720, '038907636-8', '외국어', 'Subin', 'Bendick', 'Skinte', 255, 5924, 'noimage.png', 'at velit vivamus vel nulla eget eros elementum pellentesque quisque porta volutpat erat quisque erat eros viverra eget congue', '절판', '2021-08-06 00:00:00', '2021-09-23 00:00:00'),
	(721, '183738984-5', '외국어', 'Sonsing', 'Denis', 'Livepath', 660, 18535, 'noimage.png', 'adipiscing lorem vitae mattis nibh ligula nec sem duis aliquam', '판매중', '2021-02-19 00:00:00', '2021-09-23 00:00:00'),
	(722, '741470506-4', '소설', 'Sonair', 'Stanton', 'Kwideo', 737, 10876, 'noimage.png', 'vitae consectetuer eget rutrum at lorem integer tincidunt ante vel ipsum praesent blandit', '구편절판', '2020-09-27 00:00:00', '2021-09-23 00:00:00'),
	(723, '431528787-3', '소설', 'Treeflex', 'Aaron', 'Mynte', 139, 22615, 'noimage.png', 'ac diam cras pellentesque volutpat dui maecenas tristique est et', '구편절판', '2020-11-03 00:00:00', '2021-09-23 00:00:00'),
	(724, '090697324-4', '여행', 'Mat Lam Tam', 'Janis', 'Skipfire', 254, 16365, 'noimage.png', 'tempus vivamus in felis eu sapien cursus vestibulum proin eu mi', '절판', '2021-05-18 00:00:00', '2021-09-23 00:00:00'),
	(725, '264378058-2', '종교', 'Viva', 'Cacilia', 'Layo', 891, 11974, 'noimage.png', 'mauris enim leo rhoncus sed vestibulum sit amet cursus id turpis integer aliquet massa id', '절판', '2021-04-19 00:00:00', '2021-09-23 00:00:00'),
	(726, '716441760-1', '소설', 'Zathin', 'Kerry', 'Youspan', 568, 10421, 'noimage.png', 'libero quis orci nullam molestie nibh in lectus pellentesque at', '판매중', '2021-06-12 00:00:00', '2021-09-23 00:00:00'),
	(727, '024895230-7', '여행', 'Voyatouch', 'Lester', 'Centizu', 514, 19272, 'noimage.png', 'orci vehicula condimentum curabitur in libero ut massa volutpat convallis morbi odio odio elementum eu interdum eu', '절판', '2020-12-31 00:00:00', '2021-09-23 00:00:00'),
	(728, '110240192-7', '여행', 'Ronstring', 'Nanci', 'Zoonder', 373, 27444, 'noimage.png', 'consequat in consequat ut nulla sed accumsan felis ut at dolor quis odio consequat varius integer ac leo pellentesque ultrices', '판매중', '2021-07-10 00:00:00', '2021-09-23 00:00:00'),
	(729, '663383989-8', '만화', 'Quo Lux', 'Graeme', 'Brainsphere', 668, 14170, 'noimage.png', 'imperdiet sapien urna pretium nisl ut volutpat sapien arcu sed augue aliquam erat volutpat in congue etiam justo etiam pretium', '절판', '2021-02-08 00:00:00', '2021-09-23 00:00:00'),
	(730, '476421143-2', '소설', 'Kanlam', 'Devonna', 'Skinix', 816, 12738, 'noimage.png', 'donec ut mauris eget massa tempor convallis nulla neque libero convallis eget', '품절', '2020-11-16 00:00:00', '2021-09-23 00:00:00'),
	(731, '664562511-1', '소설', 'Viva', 'Janessa', 'Shuffledrive', 949, 17263, 'noimage.png', 'tortor duis mattis egestas metus aenean fermentum donec ut mauris eget massa tempor convallis nulla', '절판', '2021-07-05 00:00:00', '2021-09-23 00:00:00'),
	(732, '736583728-4', '종교', 'Fixflex', 'Alyce', 'Feedmix', 747, 16206, 'noimage.png', 'consequat varius integer ac leo pellentesque ultrices mattis odio donec vitae nisi nam ultrices libero non mattis pulvinar nulla pede', '구편절판', '2021-09-14 00:00:00', '2021-09-23 00:00:00'),
	(733, '919966875-0', '종교', 'Prodder', 'Karyn', 'Edgepulse', 223, 18205, 'noimage.png', 'sit amet sem fusce consequat nulla nisl nunc nisl duis bibendum felis sed interdum venenatis turpis enim blandit mi', '절판', '2020-11-12 00:00:00', '2021-09-23 00:00:00'),
	(734, '001168776-2', '여행', 'Ventosanzap', 'Coop', 'Brainlounge', 477, 17482, 'noimage.png', 'nonummy maecenas tincidunt lacus at velit vivamus vel nulla eget eros elementum', '절판', '2020-12-07 00:00:00', '2021-09-23 00:00:00'),
	(735, '743402471-2', '외국어', 'Tampflex', 'Moshe', 'Flashset', 117, 28105, 'noimage.png', 'magnis dis parturient montes nascetur ridiculus mus vivamus vestibulum sagittis sapien cum sociis', '절판', '2021-08-23 00:00:00', '2021-09-23 00:00:00'),
	(736, '379499367-5', '소설', 'Bytecard', 'Redd', 'Quamba', 141, 7233, 'noimage.png', 'turpis a pede posuere nonummy integer non velit donec diam neque vestibulum', '품절', '2021-04-28 00:00:00', '2021-09-23 00:00:00'),
	(737, '956042144-1', '종교', 'Hatity', 'Wanda', 'Shuffletag', 450, 21306, 'noimage.png', 'fusce congue diam id ornare imperdiet sapien urna pretium nisl', '품절', '2020-10-21 00:00:00', '2021-09-23 00:00:00'),
	(738, '618243493-7', '여행', 'Subin', 'Filmore', 'Realbridge', 115, 14295, 'noimage.png', 'in faucibus orci luctus et ultrices posuere cubilia curae donec pharetra magna', '구편절판', '2021-06-18 00:00:00', '2021-09-23 00:00:00'),
	(739, '190568477-0', '종교', 'Stringtough', 'Moise', 'Oyonder', 192, 8684, 'noimage.png', 'velit eu est congue elementum in hac habitasse platea dictumst morbi vestibulum velit id pretium iaculis diam erat fermentum justo', '판매중', '2021-02-09 00:00:00', '2021-09-23 00:00:00'),
	(740, '547761026-3', '만화', 'Domainer', 'Nannette', 'Buzzdog', 117, 21348, 'noimage.png', 'rhoncus sed vestibulum sit amet cursus id turpis integer aliquet massa', '품절', '2021-02-26 00:00:00', '2021-09-23 00:00:00'),
	(741, '090280615-7', '여행', 'Pannier', 'Rick', 'Centimia', 280, 17582, 'noimage.png', 'rhoncus sed vestibulum sit amet cursus id turpis integer aliquet massa id lobortis', '품절', '2020-12-29 00:00:00', '2021-09-23 00:00:00'),
	(742, '767903068-5', '미술', 'Namfix', 'Deeanne', 'Babbleopia', 714, 27889, 'noimage.png', 'justo maecenas rhoncus aliquam lacus morbi quis tortor id nulla ultrices aliquet maecenas leo odio condimentum id', '품절', '2021-03-09 00:00:00', '2021-09-23 00:00:00'),
	(743, '881886748-2', '경제', 'Flexidy', 'Cymbre', 'Camimbo', 756, 15714, 'noimage.png', 'a ipsum integer a nibh in quis justo maecenas rhoncus aliquam', '품절', '2020-12-23 00:00:00', '2021-09-23 00:00:00'),
	(744, '511489072-7', '외국어', 'Lotlux', 'Enriqueta', 'Tanoodle', 565, 26970, 'noimage.png', 'quisque arcu libero rutrum ac lobortis vel dapibus at diam nam tristique', '구편절판', '2021-06-15 00:00:00', '2021-09-23 00:00:00'),
	(745, '838193452-4', '미술', 'Alpha', 'Mischa', 'Browseblab', 225, 21229, 'noimage.png', 'consequat varius integer ac leo pellentesque ultrices mattis odio donec vitae nisi nam ultrices', '품절', '2021-01-05 00:00:00', '2021-09-23 00:00:00'),
	(746, '864178658-9', '만화', 'Gembucket', 'Jorgan', 'Skipstorm', 976, 26032, 'noimage.png', 'non quam nec dui luctus rutrum nulla tellus in sagittis dui vel nisl duis ac nibh fusce lacus purus', '구편절판', '2020-12-16 00:00:00', '2021-09-23 00:00:00'),
	(747, '528108380-5', '외국어', 'Konklux', 'Ervin', 'Skiptube', 356, 23495, 'noimage.png', 'pellentesque eget nunc donec quis orci eget orci vehicula condimentum curabitur in libero ut massa volutpat convallis', '판매중', '2021-08-21 00:00:00', '2021-09-23 00:00:00'),
	(748, '032279128-6', '종교', 'Tampflex', 'Joni', 'Skaboo', 864, 26214, 'noimage.png', 'metus vitae ipsum aliquam non mauris morbi non lectus aliquam sit amet', '판매중', '2021-01-05 00:00:00', '2021-09-23 00:00:00'),
	(749, '303501218-0', '만화', 'Hatity', 'Suellen', 'Ozu', 785, 19183, 'noimage.png', 'bibendum felis sed interdum venenatis turpis enim blandit mi in porttitor', '품절', '2020-11-10 00:00:00', '2021-09-23 00:00:00'),
	(750, '847414339-X', '소설', 'Subin', 'Ransom', 'Nlounge', 753, 28710, 'noimage.png', 'consequat in consequat ut nulla sed accumsan felis ut at dolor quis odio consequat varius integer ac leo pellentesque', '구편절판', '2021-01-18 00:00:00', '2021-09-23 00:00:00'),
	(751, '577596704-6', '경제', 'Span', 'Hasty', 'Flashpoint', 526, 19714, 'noimage.png', 'sed accumsan felis ut at dolor quis odio consequat varius integer ac leo pellentesque ultrices mattis odio donec', '판매중', '2020-12-10 00:00:00', '2021-09-23 00:00:00'),
	(752, '625178899-2', '만화', 'Zathin', 'Zachary', 'Edgeblab', 348, 28304, 'noimage.png', 'congue risus semper porta volutpat quam pede lobortis ligula sit amet eleifend pede libero quis orci nullam molestie', '판매중', '2020-12-30 00:00:00', '2021-09-23 00:00:00'),
	(753, '977897912-X', '소설', 'Veribet', 'Liva', 'Shufflester', 842, 25322, 'noimage.png', 'rutrum nulla tellus in sagittis dui vel nisl duis ac nibh fusce lacus purus aliquet at feugiat non', '품절', '2021-08-25 00:00:00', '2021-09-23 00:00:00'),
	(754, '248031295-X', '소설', 'Voltsillam', 'Hanna', 'Brightbean', 613, 20369, 'noimage.png', 'tincidunt nulla mollis molestie lorem quisque ut erat curabitur gravida nisi at nibh in hac habitasse platea dictumst', '절판', '2021-08-21 00:00:00', '2021-09-23 00:00:00'),
	(755, '229702704-4', '미술', 'Y-Solowarm', 'Lorianne', 'Miboo', 882, 25915, 'noimage.png', 'sapien varius ut blandit non interdum in ante vestibulum ante ipsum primis in faucibus orci luctus et ultrices posuere cubilia', '판매중', '2021-02-12 00:00:00', '2021-09-23 00:00:00'),
	(756, '734809165-2', '종교', 'Holdlamis', 'Elroy', 'Feedfire', 894, 18694, 'noimage.png', 'aenean sit amet justo morbi ut odio cras mi pede malesuada in imperdiet et commodo vulputate justo in', '품절', '2020-12-24 00:00:00', '2021-09-23 00:00:00'),
	(757, '555539701-1', '외국어', 'Kanlam', 'Rorke', 'Babbleopia', 518, 10614, 'noimage.png', 'aliquam quis turpis eget elit sodales scelerisque mauris sit amet eros', '판매중', '2021-01-28 00:00:00', '2021-09-23 00:00:00'),
	(758, '632684712-5', '외국어', 'Cardguard', 'Adriaens', 'Blogtags', 538, 28602, 'noimage.png', 'consequat lectus in est risus auctor sed tristique in tempus', '구편절판', '2021-08-11 00:00:00', '2021-09-23 00:00:00'),
	(759, '452215675-8', '여행', 'Bitwolf', 'Jacquie', 'Jabbertype', 616, 25452, 'noimage.png', 'ipsum primis in faucibus orci luctus et ultrices posuere cubilia curae duis', '구편절판', '2021-01-04 00:00:00', '2021-09-23 00:00:00'),
	(760, '237862115-9', '경제', 'Redhold', 'Onfroi', 'Twitterwire', 813, 28978, 'noimage.png', 'tincidunt eget tempus vel pede morbi porttitor lorem id ligula suspendisse ornare consequat', '구편절판', '2021-05-04 00:00:00', '2021-09-23 00:00:00'),
	(761, '030772037-3', '외국어', 'Flexidy', 'Goddart', 'Eire', 127, 21725, 'noimage.png', 'quisque id justo sit amet sapien dignissim vestibulum vestibulum ante ipsum primis in faucibus orci', '품절', '2021-04-06 00:00:00', '2021-09-23 00:00:00'),
	(762, '955246726-8', '소설', 'Konklab', 'Mariann', 'Avamm', 358, 16126, 'noimage.png', 'orci mauris lacinia sapien quis libero nullam sit amet turpis elementum ligula vehicula consequat morbi a ipsum integer a', '구편절판', '2021-02-17 00:00:00', '2021-09-23 00:00:00'),
	(763, '340872880-1', '경제', 'Biodex', 'Albertina', 'Linklinks', 383, 5190, 'noimage.png', 'ipsum integer a nibh in quis justo maecenas rhoncus aliquam lacus morbi quis tortor id nulla ultrices', '판매중', '2021-05-12 00:00:00', '2021-09-23 00:00:00'),
	(764, '287191101-0', '미술', 'Cardify', 'Bastien', 'Leexo', 737, 12433, 'noimage.png', 'dignissim vestibulum vestibulum ante ipsum primis in faucibus orci luctus et', '절판', '2020-10-15 00:00:00', '2021-09-23 00:00:00'),
	(765, '738109288-3', '종교', 'Solarbreeze', 'Brook', 'Twitterbeat', 245, 26538, 'noimage.png', 'vulputate luctus cum sociis natoque penatibus et magnis dis parturient montes nascetur ridiculus mus vivamus vestibulum', '품절', '2020-12-06 00:00:00', '2021-09-23 00:00:00'),
	(766, '885070423-2', '종교', 'Sub-Ex', 'Jenica', 'Buzzdog', 415, 29389, 'noimage.png', 'enim sit amet nunc viverra dapibus nulla suscipit ligula in lacus curabitur at', '절판', '2021-04-16 00:00:00', '2021-09-23 00:00:00'),
	(767, '524357652-2', '외국어', 'It', 'Wilburt', 'Skinix', 355, 24275, 'noimage.png', 'ut tellus nulla ut erat id mauris vulputate elementum nullam varius nulla facilisi cras non velit nec nisi vulputate', '구편절판', '2021-06-29 00:00:00', '2021-09-23 00:00:00'),
	(768, '566066424-5', '미술', 'Pannier', 'Clywd', 'Buzzbean', 309, 6159, 'noimage.png', 'dui vel sem sed sagittis nam congue risus semper porta volutpat', '절판', '2021-02-12 00:00:00', '2021-09-23 00:00:00'),
	(769, '346612165-5', '외국어', 'Domainer', 'Osbert', 'Babblestorm', 458, 22882, 'noimage.png', 'sollicitudin mi sit amet lobortis sapien sapien non mi integer ac neque duis bibendum morbi non quam nec', '구편절판', '2021-07-29 00:00:00', '2021-09-23 00:00:00'),
	(770, '578320335-1', '여행', 'Mat Lam Tam', 'Dmitri', 'Browsebug', 558, 16188, 'noimage.png', 'velit vivamus vel nulla eget eros elementum pellentesque quisque porta volutpat erat quisque erat eros viverra eget congue', '판매중', '2021-05-18 00:00:00', '2021-09-23 00:00:00'),
	(771, '518445527-2', '미술', 'Zontrax', 'Augustina', 'Youfeed', 155, 22969, 'noimage.png', 'arcu adipiscing molestie hendrerit at vulputate vitae nisl aenean lectus pellentesque eget nunc donec quis orci', '절판', '2021-05-16 00:00:00', '2021-09-23 00:00:00'),
	(772, '042014187-1', '미술', 'Home Ing', 'Carena', 'Skajo', 338, 15331, 'noimage.png', 'dapibus augue vel accumsan tellus nisi eu orci mauris lacinia sapien', '품절', '2021-07-06 00:00:00', '2021-09-23 00:00:00'),
	(773, '129768167-3', '경제', 'Keylex', 'Cthrine', 'Skivee', 515, 20190, 'noimage.png', 'turpis enim blandit mi in porttitor pede justo eu massa', '판매중', '2020-12-04 00:00:00', '2021-09-23 00:00:00'),
	(774, '864385401-8', '만화', 'Greenlam', 'Norrie', 'Oyoba', 344, 6174, 'noimage.png', 'nibh in hac habitasse platea dictumst aliquam augue quam sollicitudin vitae consectetuer eget rutrum at lorem', '판매중', '2021-08-17 00:00:00', '2021-09-23 00:00:00'),
	(775, '159316198-0', '미술', 'Sonsing', 'Carlin', 'Ozu', 490, 10046, 'noimage.png', 'pretium nisl ut volutpat sapien arcu sed augue aliquam erat volutpat in congue etiam justo', '판매중', '2021-08-03 00:00:00', '2021-09-23 00:00:00'),
	(776, '610889870-4', '여행', 'Zaam-Dox', 'Karon', 'Topiczoom', 726, 24447, 'noimage.png', 'ligula sit amet eleifend pede libero quis orci nullam molestie nibh in lectus pellentesque at', '절판', '2021-07-23 00:00:00', '2021-09-23 00:00:00'),
	(777, '719224682-4', '종교', 'Fintone', 'Christophe', 'Topicblab', 728, 24984, 'noimage.png', 'ultrices posuere cubilia curae nulla dapibus dolor vel est donec odio justo sollicitudin ut suscipit a feugiat et eros', '절판', '2021-08-18 00:00:00', '2021-09-23 00:00:00'),
	(778, '000783468-3', '소설', 'Duobam', 'Trina', 'Gigaclub', 821, 29201, 'noimage.png', 'at turpis a pede posuere nonummy integer non velit donec diam', '절판', '2021-06-24 00:00:00', '2021-09-23 00:00:00'),
	(779, '758386257-4', '여행', 'Cardify', 'Cherin', 'Demivee', 376, 8697, 'noimage.png', 'semper rutrum nulla nunc purus phasellus in felis donec semper sapien a libero nam dui proin leo', '판매중', '2020-10-19 00:00:00', '2021-09-23 00:00:00'),
	(780, '499015344-8', '미술', 'Cardify', 'Deck', 'Ainyx', 577, 20945, 'noimage.png', 'dictumst maecenas ut massa quis augue luctus tincidunt nulla mollis molestie lorem quisque ut', '절판', '2020-10-05 00:00:00', '2021-09-23 00:00:00'),
	(781, '925580536-3', '종교', 'Sonair', 'Perri', 'Quimba', 860, 25256, 'noimage.png', 'condimentum id luctus nec molestie sed justo pellentesque viverra pede', '판매중', '2021-09-04 00:00:00', '2021-09-23 00:00:00'),
	(782, '467065393-8', '여행', 'Konklux', 'Zeke', 'Gigazoom', 245, 18510, 'noimage.png', 'dapibus dolor vel est donec odio justo sollicitudin ut suscipit a', '품절', '2021-03-16 00:00:00', '2021-09-23 00:00:00'),
	(783, '972969050-2', '여행', 'Voltsillam', 'Madelle', 'Janyx', 237, 19631, 'noimage.png', 'ac leo pellentesque ultrices mattis odio donec vitae nisi nam ultrices libero non mattis pulvinar nulla pede ullamcorper augue a', '품절', '2021-01-24 00:00:00', '2021-09-23 00:00:00'),
	(784, '366734580-1', '미술', 'Lotstring', 'Maurise', 'Zoomdog', 743, 27557, 'noimage.png', 'potenti nullam porttitor lacus at turpis donec posuere metus vitae ipsum aliquam non mauris morbi non lectus aliquam', '품절', '2021-05-19 00:00:00', '2021-09-23 00:00:00'),
	(785, '920615343-9', '경제', 'Latlux', 'Mahmoud', 'Eire', 161, 21662, 'noimage.png', 'at velit eu est congue elementum in hac habitasse platea', '품절', '2021-05-19 00:00:00', '2021-09-23 00:00:00'),
	(786, '778488652-7', '만화', 'Redhold', 'Dario', 'Youbridge', 699, 19221, 'noimage.png', 'magna ac consequat metus sapien ut nunc vestibulum ante ipsum primis', '판매중', '2021-02-08 00:00:00', '2021-09-23 00:00:00'),
	(787, '452588705-2', '종교', 'Job', 'Rennie', 'Kimia', 784, 22210, 'noimage.png', 'molestie hendrerit at vulputate vitae nisl aenean lectus pellentesque eget nunc donec quis orci eget orci vehicula condimentum', '품절', '2021-07-18 00:00:00', '2021-09-23 00:00:00'),
	(788, '871107605-4', '경제', 'Zontrax', 'Frankie', 'Voolith', 683, 12372, 'noimage.png', 'habitasse platea dictumst morbi vestibulum velit id pretium iaculis diam erat fermentum justo nec condimentum', '품절', '2021-01-15 00:00:00', '2021-09-23 00:00:00'),
	(789, '328742477-7', '만화', 'Trippledex', 'Belicia', 'Twitterwire', 265, 6539, 'noimage.png', 'nibh ligula nec sem duis aliquam convallis nunc proin at turpis a pede posuere', '구편절판', '2020-10-31 00:00:00', '2021-09-23 00:00:00'),
	(790, '439203762-2', '경제', 'Bigtax', 'Nadia', 'Teklist', 229, 15726, 'noimage.png', 'sapien ut nunc vestibulum ante ipsum primis in faucibus orci luctus', '절판', '2021-07-11 00:00:00', '2021-09-23 00:00:00'),
	(791, '437794125-9', '외국어', 'Vagram', 'Lydia', 'Edgeify', 855, 13640, 'noimage.png', 'felis sed interdum venenatis turpis enim blandit mi in porttitor pede justo eu massa donec dapibus', '구편절판', '2020-11-02 00:00:00', '2021-09-23 00:00:00'),
	(792, '380188999-8', '소설', 'Namfix', 'Luca', 'Voolith', 580, 15832, 'noimage.png', 'suspendisse accumsan tortor quis turpis sed ante vivamus tortor duis mattis egestas metus aenean fermentum donec ut mauris eget massa', '판매중', '2021-01-02 00:00:00', '2021-09-23 00:00:00'),
	(793, '125108966-6', '여행', 'Tin', 'Atalanta', 'Mita', 859, 28536, 'noimage.png', 'pede ullamcorper augue a suscipit nulla elit ac nulla sed vel enim', '판매중', '2021-03-16 00:00:00', '2021-09-23 00:00:00'),
	(794, '073177014-5', '경제', 'Solarbreeze', 'Nedi', 'Brainbox', 767, 8900, 'noimage.png', 'in sapien iaculis congue vivamus metus arcu adipiscing molestie hendrerit at vulputate vitae nisl aenean lectus pellentesque eget nunc donec', '판매중', '2021-06-11 00:00:00', '2021-09-23 00:00:00'),
	(795, '266244457-6', '여행', 'Zamit', 'Eliot', 'Yotz', 355, 8821, 'noimage.png', 'justo eu massa donec dapibus duis at velit eu est congue elementum in hac habitasse platea dictumst morbi', '판매중', '2020-10-18 00:00:00', '2021-09-23 00:00:00'),
	(796, '870459766-4', '미술', 'Latlux', 'Mela', 'Yoveo', 618, 8705, 'noimage.png', 'iaculis justo in hac habitasse platea dictumst etiam faucibus cursus urna ut tellus nulla ut erat', '품절', '2020-11-14 00:00:00', '2021-09-23 00:00:00'),
	(797, '246642553-X', '소설', 'Domainer', 'Mair', 'Jayo', 348, 13466, 'noimage.png', 'in quis justo maecenas rhoncus aliquam lacus morbi quis tortor id nulla ultrices aliquet', '구편절판', '2021-09-16 00:00:00', '2021-09-23 00:00:00'),
	(798, '185534133-6', '외국어', 'Aerified', 'Irwin', 'Aivee', 361, 17351, 'noimage.png', 'turpis elementum ligula vehicula consequat morbi a ipsum integer a', '판매중', '2021-01-19 00:00:00', '2021-09-23 00:00:00'),
	(799, '798094742-8', '소설', 'Bamity', 'Anthe', 'Jabberstorm', 927, 23278, 'noimage.png', 'tincidunt ante vel ipsum praesent blandit lacinia erat vestibulum sed magna at nunc commodo', '절판', '2021-09-02 00:00:00', '2021-09-23 00:00:00'),
	(800, '388905546-X', '만화', 'Fixflex', 'Lexis', 'Oloo', 548, 11951, 'noimage.png', 'nibh fusce lacus purus aliquet at feugiat non pretium quis lectus suspendisse potenti', '판매중', '2020-12-15 00:00:00', '2021-09-23 00:00:00'),
	(801, '480553699-3', '만화', 'Mat Lam Tam', 'Jenica', 'Wikivu', 892, 29343, 'noimage.png', 'felis fusce posuere felis sed lacus morbi sem mauris laoreet ut rhoncus aliquet pulvinar', '판매중', '2020-11-18 00:00:00', '2021-09-23 00:00:00'),
	(802, '028210439-9', '미술', 'Bamity', 'Patin', 'Skidoo', 721, 8472, 'noimage.png', 'proin at turpis a pede posuere nonummy integer non velit donec diam neque vestibulum eget vulputate ut ultrices', '절판', '2021-02-14 00:00:00', '2021-09-23 00:00:00'),
	(803, '690685104-7', '만화', 'Wrapsafe', 'Germana', 'Abatz', 961, 25227, 'noimage.png', 'sit amet consectetuer adipiscing elit proin interdum mauris non ligula pellentesque ultrices phasellus id sapien in sapien iaculis', '구편절판', '2021-01-18 00:00:00', '2021-09-23 00:00:00'),
	(804, '495055749-1', '경제', 'Voltsillam', 'Cherianne', 'Roomm', 981, 29337, 'noimage.png', 'ornare imperdiet sapien urna pretium nisl ut volutpat sapien arcu sed augue aliquam erat volutpat', '품절', '2021-03-14 00:00:00', '2021-09-23 00:00:00'),
	(805, '320901986-X', '경제', 'Domainer', 'Kimberley', 'Bubblebox', 602, 29419, 'noimage.png', 'ultricies eu nibh quisque id justo sit amet sapien dignissim vestibulum vestibulum ante ipsum primis', '품절', '2020-12-12 00:00:00', '2021-09-23 00:00:00'),
	(806, '563762912-9', '외국어', 'Domainer', 'Chalmers', 'Meetz', 714, 22677, 'noimage.png', 'est donec odio justo sollicitudin ut suscipit a feugiat et eros', '구편절판', '2021-09-07 00:00:00', '2021-09-23 00:00:00'),
	(807, '968752500-2', '만화', 'Bitwolf', 'Gisella', 'Feednation', 184, 16817, 'noimage.png', 'morbi vel lectus in quam fringilla rhoncus mauris enim leo rhoncus sed', '판매중', '2020-11-12 00:00:00', '2021-09-23 00:00:00'),
	(808, '065726319-2', '소설', 'Quo Lux', 'Perkin', 'Eamia', 702, 27461, 'noimage.png', 'non pretium quis lectus suspendisse potenti in eleifend quam a odio in hac habitasse platea dictumst maecenas ut massa quis', '품절', '2021-09-14 00:00:00', '2021-09-23 00:00:00'),
	(809, '615678166-8', '소설', 'Overhold', 'Reggie', 'Twitterworks', 743, 20777, 'noimage.png', 'non velit donec diam neque vestibulum eget vulputate ut ultrices', '절판', '2021-06-29 00:00:00', '2021-09-23 00:00:00'),
	(810, '822772151-6', '외국어', 'Prodder', 'Charlena', 'Eamia', 533, 9648, 'noimage.png', 'magna bibendum imperdiet nullam orci pede venenatis non sodales sed tincidunt eu felis fusce posuere felis sed lacus', '품절', '2021-05-09 00:00:00', '2021-09-23 00:00:00'),
	(811, '941540253-9', '만화', 'Zamit', 'Marieann', 'Topicblab', 999, 7331, 'noimage.png', 'cursus id turpis integer aliquet massa id lobortis convallis tortor risus dapibus augue vel accumsan tellus nisi eu', '판매중', '2021-05-30 00:00:00', '2021-09-23 00:00:00'),
	(813, '795870838-6', '종교', 'Fixflex', 'Ancell', 'Eazzy', 890, 23953, 'noimage.png', 'risus semper porta volutpat quam pede lobortis ligula sit amet eleifend pede libero quis orci', '절판', '2020-11-27 00:00:00', '2021-09-23 00:00:00'),
	(814, '686932357-7', '여행', 'Y-Solowarm', 'Gussy', 'Yadel', 362, 17839, 'noimage.png', 'vel lectus in quam fringilla rhoncus mauris enim leo rhoncus sed vestibulum sit amet cursus id turpis integer aliquet massa', '판매중', '2021-07-09 00:00:00', '2021-09-23 00:00:00'),
	(815, '136243813-8', '종교', 'Bamity', 'Irene', 'Mudo', 891, 24048, 'noimage.png', 'elit proin risus praesent lectus vestibulum quam sapien varius ut blandit non interdum in', '구편절판', '2020-10-01 00:00:00', '2021-09-23 00:00:00'),
	(816, '277605417-3', '종교', 'Zontrax', 'Isidoro', 'Meevee', 993, 8505, 'noimage.png', 'nulla facilisi cras non velit nec nisi vulputate nonummy maecenas tincidunt lacus at velit vivamus vel nulla', '절판', '2021-04-01 00:00:00', '2021-09-23 00:00:00'),
	(817, '273939423-3', '미술', 'Aerified', 'Dyane', 'Demizz', 980, 20426, 'noimage.png', 'sit amet turpis elementum ligula vehicula consequat morbi a ipsum integer a nibh in quis', '품절', '2021-01-18 00:00:00', '2021-09-23 00:00:00'),
	(818, '911092249-0', '여행', 'Flexidy', 'Melba', 'Dablist', 865, 23738, 'noimage.png', 'sit amet lobortis sapien sapien non mi integer ac neque duis bibendum morbi', '구편절판', '2021-05-23 00:00:00', '2021-09-23 00:00:00'),
	(819, '169534359-X', '소설', 'Namfix', 'Nicol', 'Dazzlesphere', 335, 14099, 'noimage.png', 'velit eu est congue elementum in hac habitasse platea dictumst morbi vestibulum velit', '품절', '2021-04-11 00:00:00', '2021-09-23 00:00:00'),
	(820, '449899253-9', '경제', 'Flowdesk', 'Honoria', 'Riffpedia', 381, 28838, 'noimage.png', 'vestibulum sagittis sapien cum sociis natoque penatibus et magnis dis parturient montes nascetur ridiculus mus etiam', '품절', '2021-03-16 00:00:00', '2021-09-23 00:00:00'),
	(821, '487240943-4', '소설', 'Flowdesk', 'Tatum', 'Innojam', 103, 16968, 'noimage.png', 'vestibulum ante ipsum primis in faucibus orci luctus et ultrices posuere cubilia', '구편절판', '2021-02-28 00:00:00', '2021-09-23 00:00:00'),
	(822, '135422452-3', '종교', 'Konklux', 'Deina', 'Skyndu', 614, 24767, 'noimage.png', 'lacus at turpis donec posuere metus vitae ipsum aliquam non mauris morbi non lectus aliquam sit', '구편절판', '2021-04-13 00:00:00', '2021-09-23 00:00:00'),
	(823, '791587756-9', '경제', 'Namfix', 'Dev', 'Yamia', 710, 24821, 'noimage.png', 'erat volutpat in congue etiam justo etiam pretium iaculis justo in hac', '품절', '2021-03-28 00:00:00', '2021-09-23 00:00:00'),
	(824, '404530347-2', '종교', 'It', 'Sasha', 'Meemm', 456, 12738, 'noimage.png', 'curae duis faucibus accumsan odio curabitur convallis duis consequat dui nec', '절판', '2020-12-22 00:00:00', '2021-09-23 00:00:00'),
	(825, '568780967-8', '경제', 'Alpha', 'Leoline', 'Yadel', 443, 20657, 'noimage.png', 'phasellus id sapien in sapien iaculis congue vivamus metus arcu adipiscing molestie hendrerit at vulputate vitae nisl aenean lectus', '품절', '2021-06-01 00:00:00', '2021-09-23 00:00:00'),
	(826, '883524532-X', '소설', 'Cardguard', 'Salomon', 'Aimbu', 485, 16295, 'noimage.png', 'orci mauris lacinia sapien quis libero nullam sit amet turpis elementum ligula vehicula consequat morbi a ipsum', '품절', '2021-07-27 00:00:00', '2021-09-23 00:00:00'),
	(827, '744684240-7', '종교', 'Konklux', 'Bjorn', 'Aibox', 328, 11338, 'noimage.png', 'phasellus in felis donec semper sapien a libero nam dui proin', '절판', '2021-07-19 00:00:00', '2021-09-23 00:00:00'),
	(828, '152112572-4', '만화', 'Voyatouch', 'Madelyn', 'Browseblab', 114, 11946, 'noimage.png', 'tincidunt eget tempus vel pede morbi porttitor lorem id ligula suspendisse ornare consequat lectus', '절판', '2021-05-13 00:00:00', '2021-09-23 00:00:00'),
	(829, '417524812-9', '여행', 'Andalax', 'Lulu', 'Zoombeat', 554, 5704, 'noimage.png', 'luctus et ultrices posuere cubilia curae mauris viverra diam vitae quam suspendisse potenti nullam porttitor lacus at turpis donec posuere', '품절', '2021-03-10 00:00:00', '2021-09-23 00:00:00'),
	(830, '254289764-6', '여행', 'Voyatouch', 'Belita', 'Topicblab', 230, 18834, 'noimage.png', 'enim in tempor turpis nec euismod scelerisque quam turpis adipiscing lorem vitae mattis nibh ligula', '구편절판', '2020-10-28 00:00:00', '2021-09-23 00:00:00'),
	(831, '734308347-3', '경제', 'Overhold', 'Rhona', 'Rooxo', 981, 11442, 'noimage.png', 'donec vitae nisi nam ultrices libero non mattis pulvinar nulla', '품절', '2021-02-09 00:00:00', '2021-09-23 00:00:00'),
	(832, '735338291-0', '만화', 'Transcof', 'Powell', 'Agimba', 254, 12338, 'noimage.png', 'nec dui luctus rutrum nulla tellus in sagittis dui vel nisl duis ac', '절판', '2021-05-31 00:00:00', '2021-09-23 00:00:00'),
	(833, '175452549-0', '외국어', 'Job', 'Tallie', 'Twitterworks', 813, 26724, 'noimage.png', 'vel augue vestibulum ante ipsum primis in faucibus orci luctus et ultrices posuere cubilia curae donec pharetra magna vestibulum aliquet', '판매중', '2021-04-06 00:00:00', '2021-09-23 00:00:00'),
	(834, '629085313-9', '만화', 'Regrant', 'Leoine', 'Browsebug', 320, 15505, 'noimage.png', 'porttitor lorem id ligula suspendisse ornare consequat lectus in est risus auctor sed tristique in', '판매중', '2021-08-05 00:00:00', '2021-09-23 00:00:00'),
	(835, '121739081-2', '미술', 'Sub-Ex', 'Pepe', 'Zoombox', 426, 28215, 'noimage.png', 'natoque penatibus et magnis dis parturient montes nascetur ridiculus mus vivamus vestibulum sagittis sapien cum sociis natoque penatibus', '구편절판', '2021-01-09 00:00:00', '2021-09-23 00:00:00'),
	(836, '795690580-X', '만화', 'Tin', 'Carolann', 'Jaxnation', 705, 25624, 'noimage.png', 'at nibh in hac habitasse platea dictumst aliquam augue quam sollicitudin vitae consectetuer eget rutrum at lorem', '품절', '2021-08-25 00:00:00', '2021-09-23 00:00:00'),
	(837, '034428126-4', '종교', 'Latlux', 'Genna', 'Meevee', 344, 24974, 'noimage.png', 'ultrices aliquet maecenas leo odio condimentum id luctus nec molestie sed justo pellentesque', '판매중', '2021-07-14 00:00:00', '2021-09-23 00:00:00'),
	(838, '028028805-0', '만화', 'Overhold', 'Renato', 'Youtags', 826, 28743, 'noimage.png', 'diam cras pellentesque volutpat dui maecenas tristique est et tempus semper est quam pharetra magna ac consequat metus sapien', '판매중', '2021-03-16 00:00:00', '2021-09-23 00:00:00'),
	(839, '443222912-8', '미술', 'Rank', 'Koren', 'Quire', 970, 15662, 'noimage.png', 'cursus urna ut tellus nulla ut erat id mauris vulputate elementum', '구편절판', '2021-03-03 00:00:00', '2021-09-23 00:00:00'),
	(840, '654992628-9', '여행', 'Biodex', 'De witt', 'Yambee', 479, 7351, 'noimage.png', 'vel pede morbi porttitor lorem id ligula suspendisse ornare consequat lectus', '품절', '2020-12-23 00:00:00', '2021-09-23 00:00:00'),
	(841, '577259921-6', '미술', 'Opela', 'Fair', 'Yodo', 730, 20528, 'noimage.png', 'sapien ut nunc vestibulum ante ipsum primis in faucibus orci', '구편절판', '2021-03-12 00:00:00', '2021-09-23 00:00:00'),
	(842, '058053373-5', '경제', 'Domainer', 'Kora', 'Skippad', 219, 18680, 'noimage.png', 'sagittis nam congue risus semper porta volutpat quam pede lobortis ligula sit amet eleifend', '품절', '2020-12-07 00:00:00', '2021-09-23 00:00:00'),
	(843, '225302236-5', '종교', 'Zaam-Dox', 'Kilian', 'Jabbercube', 571, 13544, 'noimage.png', 'nam dui proin leo odio porttitor id consequat in consequat ut nulla sed accumsan felis ut at dolor quis', '구편절판', '2020-11-03 00:00:00', '2021-09-23 00:00:00'),
	(844, '795614202-4', '여행', 'Rank', 'Rurik', 'Vimbo', 807, 18725, 'noimage.png', 'dui nec nisi volutpat eleifend donec ut dolor morbi vel lectus', '품절', '2021-01-04 00:00:00', '2021-09-23 00:00:00'),
	(845, '740460937-2', '외국어', 'Latlux', 'Bertha', 'Podcat', 700, 29301, 'noimage.png', 'viverra eget congue eget semper rutrum nulla nunc purus phasellus in felis', '판매중', '2021-09-18 00:00:00', '2021-09-23 00:00:00'),
	(846, '623922381-6', '여행', 'Mat Lam Tam', 'Bruis', 'Blogtag', 900, 25315, 'noimage.png', 'convallis eget eleifend luctus ultricies eu nibh quisque id justo sit amet sapien dignissim vestibulum vestibulum ante ipsum primis in', '판매중', '2021-07-12 00:00:00', '2021-09-23 00:00:00'),
	(847, '455997818-2', '외국어', 'Zoolab', 'Suzanna', 'Aivee', 321, 25462, 'noimage.png', 'porttitor id consequat in consequat ut nulla sed accumsan felis ut at dolor', '판매중', '2021-03-25 00:00:00', '2021-09-23 00:00:00'),
	(848, '520708907-2', '미술', 'Stringtough', 'Clarine', 'Devify', 661, 16514, 'noimage.png', 'mauris vulputate elementum nullam varius nulla facilisi cras non velit nec nisi vulputate nonummy', '구편절판', '2021-07-24 00:00:00', '2021-09-23 00:00:00'),
	(849, '451123720-4', '종교', 'Lotlux', 'Verna', 'Flashpoint', 308, 5379, 'noimage.png', 'potenti in eleifend quam a odio in hac habitasse platea dictumst maecenas ut massa quis augue luctus tincidunt', '절판', '2021-06-11 00:00:00', '2021-09-23 00:00:00'),
	(850, '728532650-X', '경제', 'Bigtax', 'Tybalt', 'Zoomcast', 638, 9164, 'noimage.png', 'mus vivamus vestibulum sagittis sapien cum sociis natoque penatibus et magnis dis parturient', '품절', '2021-05-13 00:00:00', '2021-09-23 00:00:00'),
	(851, '918749697-6', '소설', 'Kanlam', 'Carma', 'InnoZ', 421, 7037, 'noimage.png', 'sagittis nam congue risus semper porta volutpat quam pede lobortis ligula sit amet eleifend pede libero quis orci nullam molestie', '구편절판', '2020-11-16 00:00:00', '2021-09-23 00:00:00'),
	(852, '241962473-4', '소설', 'Toughjoyfax', 'Kippar', 'Voonder', 695, 10966, 'noimage.png', 'ligula vehicula consequat morbi a ipsum integer a nibh in quis justo maecenas rhoncus aliquam', '품절', '2021-04-16 00:00:00', '2021-09-23 00:00:00'),
	(853, '933904811-3', '경제', 'Transcof', 'Moishe', 'Gigaclub', 614, 16990, 'noimage.png', 'lacus curabitur at ipsum ac tellus semper interdum mauris ullamcorper', '품절', '2020-10-13 00:00:00', '2021-09-23 00:00:00'),
	(854, '009726130-0', '외국어', 'Asoka', 'Loni', 'Jayo', 944, 16201, 'noimage.png', 'nulla pede ullamcorper augue a suscipit nulla elit ac nulla sed', '구편절판', '2021-05-17 00:00:00', '2021-09-23 00:00:00'),
	(855, '716931471-1', '만화', 'Treeflex', 'Sanders', 'Wordtune', 252, 25189, 'noimage.png', 'ipsum integer a nibh in quis justo maecenas rhoncus aliquam lacus morbi quis tortor id nulla ultrices aliquet maecenas leo', '절판', '2021-04-17 00:00:00', '2021-09-23 00:00:00'),
	(856, '075811039-1', '여행', 'Lotlux', 'Theodore', 'Gabvine', 588, 26072, 'noimage.png', 'tristique fusce congue diam id ornare imperdiet sapien urna pretium nisl ut volutpat sapien arcu sed augue aliquam erat', '구편절판', '2021-01-30 00:00:00', '2021-09-23 00:00:00'),
	(857, '652052222-8', '소설', 'Zaam-Dox', 'Modestine', 'Linkbridge', 584, 15804, 'noimage.png', 'nam ultrices libero non mattis pulvinar nulla pede ullamcorper augue a', '구편절판', '2021-02-23 00:00:00', '2021-09-23 00:00:00'),
	(858, '008263905-1', '외국어', 'Sub-Ex', 'Ophelia', 'Brainsphere', 984, 13992, 'noimage.png', 'tristique fusce congue diam id ornare imperdiet sapien urna pretium nisl ut volutpat sapien arcu sed augue aliquam erat volutpat', '구편절판', '2020-11-12 00:00:00', '2021-09-23 00:00:00'),
	(859, '288951486-2', '만화', 'Daltfresh', 'Harri', 'Centidel', 774, 15087, 'noimage.png', 'at feugiat non pretium quis lectus suspendisse potenti in eleifend quam a odio in hac habitasse platea dictumst', '절판', '2021-07-27 00:00:00', '2021-09-23 00:00:00'),
	(860, '497916990-2', '경제', 'Konklab', 'Daphene', 'Rhynyx', 181, 24654, 'noimage.png', 'tellus in sagittis dui vel nisl duis ac nibh fusce lacus purus aliquet at feugiat non pretium quis lectus suspendisse', '판매중', '2021-01-05 00:00:00', '2021-09-23 00:00:00'),
	(861, '206895937-2', '미술', 'Bitwolf', 'Maximilien', 'Jamia', 885, 21892, 'noimage.png', 'lacus at turpis donec posuere metus vitae ipsum aliquam non mauris morbi non lectus aliquam sit amet', '판매중', '2020-12-23 00:00:00', '2021-09-23 00:00:00'),
	(862, '584793667-2', '미술', 'Stim', 'Cecelia', 'Linkbridge', 450, 23124, 'noimage.png', 'morbi quis tortor id nulla ultrices aliquet maecenas leo odio condimentum', '품절', '2021-08-20 00:00:00', '2021-09-23 00:00:00'),
	(863, '267973357-6', '경제', 'Lotstring', 'Harlene', 'Aivee', 729, 23527, 'noimage.png', 'nisi venenatis tristique fusce congue diam id ornare imperdiet sapien urna', '절판', '2021-01-11 00:00:00', '2021-09-23 00:00:00'),
	(864, '268331243-1', '종교', 'Zontrax', 'Carry', 'Zoombeat', 905, 11935, 'noimage.png', 'accumsan felis ut at dolor quis odio consequat varius integer ac leo pellentesque ultrices mattis odio donec', '절판', '2021-06-15 00:00:00', '2021-09-23 00:00:00'),
	(865, '833120449-2', '소설', 'Rank', 'Curr', 'Quaxo', 132, 6129, 'noimage.png', 'in quam fringilla rhoncus mauris enim leo rhoncus sed vestibulum sit amet cursus id turpis integer aliquet massa id', '판매중', '2021-05-12 00:00:00', '2021-09-23 00:00:00'),
	(866, '674214475-0', '만화', 'Cardguard', 'Dyann', 'Edgeblab', 599, 17984, 'noimage.png', 'platea dictumst maecenas ut massa quis augue luctus tincidunt nulla mollis molestie lorem quisque ut erat', '판매중', '2020-10-05 00:00:00', '2021-09-23 00:00:00'),
	(867, '466271408-7', '여행', 'Redhold', 'Amber', 'Ntags', 444, 20777, 'noimage.png', 'curabitur convallis duis consequat dui nec nisi volutpat eleifend donec ut dolor morbi vel lectus in', '절판', '2020-12-04 00:00:00', '2021-09-23 00:00:00'),
	(868, '934673516-3', '외국어', 'Alpha', 'Barton', 'Cogilith', 451, 23883, 'noimage.png', 'porta volutpat quam pede lobortis ligula sit amet eleifend pede libero quis orci nullam molestie nibh in', '절판', '2021-01-10 00:00:00', '2021-09-23 00:00:00'),
	(869, '868756843-6', '종교', 'Job', 'Samantha', 'Dabjam', 336, 7178, 'noimage.png', 'at nibh in hac habitasse platea dictumst aliquam augue quam sollicitudin vitae consectetuer eget rutrum at lorem', '품절', '2020-11-09 00:00:00', '2021-09-23 00:00:00'),
	(870, '769789759-8', '여행', 'Toughjoyfax', 'Jim', 'Jaxworks', 841, 25348, 'noimage.png', 'pede malesuada in imperdiet et commodo vulputate justo in blandit ultrices enim', '절판', '2021-04-28 00:00:00', '2021-09-23 00:00:00'),
	(871, '940718681-4', '종교', 'Lotstring', 'Andrei', 'Meemm', 890, 20093, 'noimage.png', 'turpis donec posuere metus vitae ipsum aliquam non mauris morbi non lectus aliquam sit amet', '절판', '2020-12-12 00:00:00', '2021-09-23 00:00:00'),
	(872, '434113322-5', '소설', 'Quo Lux', 'Harriott', 'Livepath', 599, 17970, 'noimage.png', 'magna ac consequat metus sapien ut nunc vestibulum ante ipsum primis in faucibus orci luctus et ultrices posuere cubilia curae', '절판', '2020-12-08 00:00:00', '2021-09-23 00:00:00'),
	(873, '186997180-9', '만화', 'Fixflex', 'Katerina', 'Zoonoodle', 593, 9271, 'noimage.png', 'ante vestibulum ante ipsum primis in faucibus orci luctus et ultrices posuere cubilia curae', '품절', '2021-02-10 00:00:00', '2021-09-23 00:00:00'),
	(874, '961172367-9', '종교', 'Regrant', 'Wanids', 'Dynazzy', 498, 26449, 'noimage.png', 'tincidunt nulla mollis molestie lorem quisque ut erat curabitur gravida nisi', '품절', '2020-12-25 00:00:00', '2021-09-23 00:00:00'),
	(875, '812786805-1', '미술', 'Quo Lux', 'Aliza', 'Meemm', 428, 18280, 'noimage.png', 'purus phasellus in felis donec semper sapien a libero nam', '판매중', '2020-12-13 00:00:00', '2021-09-23 00:00:00'),
	(876, '385909242-1', '미술', 'Alpha', 'Bryn', 'Ainyx', 802, 12109, 'noimage.png', 'luctus cum sociis natoque penatibus et magnis dis parturient montes nascetur ridiculus mus vivamus vestibulum sagittis', '판매중', '2020-10-31 00:00:00', '2021-09-23 00:00:00'),
	(877, '416100897-X', '만화', 'Cardify', 'Humphrey', 'Voolith', 873, 23408, 'noimage.png', 'dapibus augue vel accumsan tellus nisi eu orci mauris lacinia sapien quis libero nullam sit amet', '구편절판', '2020-10-13 00:00:00', '2021-09-23 00:00:00'),
	(878, '859255759-3', '미술', 'Veribet', 'Buckie', 'Jazzy', 486, 12129, 'noimage.png', 'ut tellus nulla ut erat id mauris vulputate elementum nullam varius nulla facilisi cras non velit nec nisi', '품절', '2020-12-20 00:00:00', '2021-09-23 00:00:00'),
	(879, '785218058-2', '미술', 'Zoolab', 'Lydon', 'Flipbug', 359, 17085, 'noimage.png', 'id mauris vulputate elementum nullam varius nulla facilisi cras non velit nec nisi vulputate nonummy maecenas tincidunt lacus at velit', '구편절판', '2020-11-08 00:00:00', '2021-09-23 00:00:00'),
	(880, '991841639-4', '종교', 'Flexidy', 'Nance', 'Tazzy', 329, 15939, 'noimage.png', 'non velit donec diam neque vestibulum eget vulputate ut ultrices vel augue vestibulum ante ipsum primis', '판매중', '2021-08-19 00:00:00', '2021-09-23 00:00:00'),
	(881, '323401186-9', '소설', 'Stronghold', 'Packston', 'Jaxworks', 338, 18676, 'noimage.png', 'nunc rhoncus dui vel sem sed sagittis nam congue risus semper porta volutpat quam pede lobortis ligula sit amet', '품절', '2020-10-28 00:00:00', '2021-09-23 00:00:00'),
	(882, '763165573-1', '외국어', 'Cardify', 'Almire', 'Mynte', 511, 9064, 'noimage.png', 'faucibus orci luctus et ultrices posuere cubilia curae mauris viverra diam vitae quam suspendisse potenti', '구편절판', '2021-06-30 00:00:00', '2021-09-23 00:00:00'),
	(883, '839145347-2', '종교', 'Bigtax', 'Marrissa', 'Layo', 113, 17720, 'noimage.png', 'justo pellentesque viverra pede ac diam cras pellentesque volutpat dui maecenas tristique est et tempus semper est quam pharetra magna', '품절', '2021-05-30 00:00:00', '2021-09-23 00:00:00'),
	(884, '648370359-7', '여행', 'Biodex', 'Odella', 'Fanoodle', 313, 17044, 'noimage.png', 'lobortis convallis tortor risus dapibus augue vel accumsan tellus nisi eu orci mauris lacinia sapien quis libero', '절판', '2021-01-09 00:00:00', '2021-09-23 00:00:00'),
	(885, '285785751-9', '여행', 'Veribet', 'Chloris', 'Zoomzone', 697, 21846, 'noimage.png', 'sit amet justo morbi ut odio cras mi pede malesuada in imperdiet et commodo vulputate justo in blandit', '구편절판', '2020-12-31 00:00:00', '2021-09-23 00:00:00'),
	(886, '341924354-5', '외국어', 'Ronstring', 'Cynthia', 'Zooveo', 610, 19139, 'noimage.png', 'at dolor quis odio consequat varius integer ac leo pellentesque ultrices mattis', '구편절판', '2021-05-30 00:00:00', '2021-09-23 00:00:00'),
	(887, '795266849-8', '만화', 'Asoka', 'Kassey', 'Edgewire', 278, 10273, 'noimage.png', 'et ultrices posuere cubilia curae nulla dapibus dolor vel est donec odio justo sollicitudin ut suscipit a feugiat', '판매중', '2020-11-05 00:00:00', '2021-09-23 00:00:00'),
	(888, '890563648-9', '여행', 'Lotstring', 'Jerrylee', 'Omba', 326, 28706, 'noimage.png', 'eu magna vulputate luctus cum sociis natoque penatibus et magnis dis parturient', '판매중', '2021-06-16 00:00:00', '2021-09-23 00:00:00'),
	(889, '983299259-1', '경제', 'Lotstring', 'Amandi', 'Jayo', 502, 26965, 'noimage.png', 'aliquam non mauris morbi non lectus aliquam sit amet diam in magna bibendum imperdiet nullam', '판매중', '2021-06-22 00:00:00', '2021-09-23 00:00:00'),
	(890, '615268635-0', '소설', 'Holdlamis', 'Jinny', 'Fanoodle', 975, 16503, 'noimage.png', 'lobortis ligula sit amet eleifend pede libero quis orci nullam molestie nibh in lectus pellentesque at', '절판', '2021-06-24 00:00:00', '2021-09-23 00:00:00'),
	(891, '506282827-9', '만화', 'Konklab', 'Kimberly', 'Photofeed', 791, 21860, 'noimage.png', 'vulputate vitae nisl aenean lectus pellentesque eget nunc donec quis orci eget orci vehicula condimentum curabitur in libero', '품절', '2020-12-29 00:00:00', '2021-09-23 00:00:00'),
	(892, '557231170-7', '소설', 'Biodex', 'Amble', 'Linkbridge', 569, 27231, 'noimage.png', 'eros viverra eget congue eget semper rutrum nulla nunc purus phasellus in felis donec semper sapien a', '절판', '2021-05-11 00:00:00', '2021-09-23 00:00:00'),
	(893, '553938167-X', '종교', 'Cookley', 'Rebeka', 'Buzzshare', 603, 27257, 'noimage.png', 'mi in porttitor pede justo eu massa donec dapibus duis at velit eu est congue elementum in hac habitasse', '절판', '2021-08-06 00:00:00', '2021-09-23 00:00:00'),
	(894, '296141894-1', '소설', 'Y-Solowarm', 'Yolane', 'Jabbersphere', 297, 18958, 'noimage.png', 'mattis odio donec vitae nisi nam ultrices libero non mattis pulvinar nulla pede ullamcorper augue', '절판', '2020-11-21 00:00:00', '2021-09-23 00:00:00'),
	(895, '404891558-4', '종교', 'Duobam', 'Felicity', 'Meembee', 281, 11221, 'noimage.png', 'ultrices enim lorem ipsum dolor sit amet consectetuer adipiscing elit proin interdum mauris non ligula pellentesque ultrices phasellus', '절판', '2020-11-28 00:00:00', '2021-09-23 00:00:00'),
	(896, '694626933-0', '미술', 'Bytecard', 'Maggee', 'Skyble', 720, 16262, 'noimage.png', 'euismod scelerisque quam turpis adipiscing lorem vitae mattis nibh ligula nec sem duis aliquam convallis nunc proin', '품절', '2021-04-12 00:00:00', '2021-09-23 00:00:00'),
	(897, '700646259-2', '경제', 'Trippledex', 'Roma', 'Izio', 528, 14863, 'noimage.png', 'ut rhoncus aliquet pulvinar sed nisl nunc rhoncus dui vel sem sed', '품절', '2021-08-18 00:00:00', '2021-09-23 00:00:00'),
	(898, '093066133-8', '경제', 'Hatity', 'Booth', 'Buzzbean', 329, 25868, 'noimage.png', 'vestibulum quam sapien varius ut blandit non interdum in ante vestibulum ante ipsum', '절판', '2021-09-09 00:00:00', '2021-09-23 00:00:00'),
	(899, '492655461-5', '외국어', 'Bigtax', 'Tana', 'Voonte', 101, 23228, 'noimage.png', 'quis turpis sed ante vivamus tortor duis mattis egestas metus', '구편절판', '2020-10-26 00:00:00', '2021-09-23 00:00:00'),
	(900, '373871037-X', '종교', 'Greenlam', 'Catriona', 'Kwinu', 383, 25925, 'noimage.png', 'at nunc commodo placerat praesent blandit nam nulla integer pede justo lacinia eget tincidunt eget tempus vel pede morbi porttitor', '판매중', '2021-03-30 00:00:00', '2021-09-23 00:00:00'),
	(901, '689936639-8', '경제', 'Veribet', 'Willetta', 'Browsebug', 283, 11305, 'noimage.png', 'nunc rhoncus dui vel sem sed sagittis nam congue risus semper porta volutpat quam pede lobortis ligula', '구편절판', '2021-06-10 00:00:00', '2021-09-23 00:00:00'),
	(902, '817661785-7', '여행', 'Zontrax', 'Carrol', 'Browsezoom', 130, 15098, 'noimage.png', 'aliquam lacus morbi quis tortor id nulla ultrices aliquet maecenas leo odio condimentum id luctus nec', '구편절판', '2021-09-15 00:00:00', '2021-09-23 00:00:00'),
	(903, '930687594-0', '경제', 'Ventosanzap', 'Patsy', 'Flipopia', 914, 29414, 'noimage.png', 'sit amet justo morbi ut odio cras mi pede malesuada in imperdiet et commodo', '절판', '2020-10-24 00:00:00', '2021-09-23 00:00:00'),
	(904, '425646398-4', '소설', 'Trippledex', 'Florella', 'Mydo', 963, 24622, 'noimage.png', 'sed magna at nunc commodo placerat praesent blandit nam nulla integer pede justo lacinia eget tincidunt eget', '절판', '2021-05-14 00:00:00', '2021-09-23 00:00:00'),
	(905, '701723580-0', '경제', 'Holdlamis', 'Luis', 'Oyoloo', 741, 28121, 'noimage.png', 'vitae nisi nam ultrices libero non mattis pulvinar nulla pede ullamcorper augue', '구편절판', '2021-07-13 00:00:00', '2021-09-23 00:00:00'),
	(906, '379939969-0', '종교', 'Lotlux', 'Robb', 'Divanoodle', 513, 8203, 'noimage.png', 'aliquam convallis nunc proin at turpis a pede posuere nonummy integer non velit donec diam neque vestibulum', '판매중', '2021-07-30 00:00:00', '2021-09-23 00:00:00'),
	(907, '152356082-7', '외국어', 'Home Ing', 'Gaby', 'Snaptags', 271, 7911, 'noimage.png', 'sed interdum venenatis turpis enim blandit mi in porttitor pede', '판매중', '2021-07-14 00:00:00', '2021-09-23 00:00:00'),
	(908, '619226606-9', '미술', 'Tres-Zap', 'Ree', 'Gigashots', 850, 21064, 'noimage.png', 'cum sociis natoque penatibus et magnis dis parturient montes nascetur ridiculus mus vivamus vestibulum sagittis sapien cum sociis natoque', '품절', '2021-01-31 00:00:00', '2021-09-23 00:00:00'),
	(909, '537328228-6', '여행', 'Matsoft', 'Mehetabel', 'Viva', 153, 14878, 'noimage.png', 'odio odio elementum eu interdum eu tincidunt in leo maecenas', '절판', '2021-08-01 00:00:00', '2021-09-23 00:00:00'),
	(910, '875799097-2', '미술', 'Hatity', 'Arly', 'Feedfish', 861, 14844, 'noimage.png', 'lorem quisque ut erat curabitur gravida nisi at nibh in hac habitasse platea dictumst aliquam', '절판', '2021-02-16 00:00:00', '2021-09-23 00:00:00'),
	(911, '116166121-2', '외국어', 'Stim', 'Nanete', 'Agimba', 867, 10304, 'noimage.png', 'odio consequat varius integer ac leo pellentesque ultrices mattis odio donec vitae nisi', '구편절판', '2021-02-15 00:00:00', '2021-09-23 00:00:00'),
	(912, '376119468-4', '외국어', 'Matsoft', 'Gunar', 'Gabtune', 621, 17117, 'noimage.png', 'pellentesque viverra pede ac diam cras pellentesque volutpat dui maecenas tristique est et tempus', '품절', '2021-05-30 00:00:00', '2021-09-23 00:00:00'),
	(913, '541474239-1', '종교', 'Quo Lux', 'Barbette', 'Innojam', 642, 12852, 'noimage.png', 'in hac habitasse platea dictumst etiam faucibus cursus urna ut tellus nulla ut erat', '구편절판', '2021-03-03 00:00:00', '2021-09-23 00:00:00'),
	(914, '461710336-8', '미술', 'Y-find', 'Kassandra', 'Wordpedia', 259, 16783, 'noimage.png', 'amet sem fusce consequat nulla nisl nunc nisl duis bibendum felis sed interdum venenatis turpis enim blandit mi in porttitor', '판매중', '2021-05-15 00:00:00', '2021-09-23 00:00:00'),
	(915, '299767927-3', '경제', 'Asoka', 'Bunny', 'Edgepulse', 682, 20051, 'noimage.png', 'sit amet eros suspendisse accumsan tortor quis turpis sed ante vivamus tortor duis', '품절', '2020-12-22 00:00:00', '2021-09-23 00:00:00'),
	(916, '658833608-X', '경제', 'Biodex', 'Georgena', 'Katz', 395, 27509, 'noimage.png', 'scelerisque quam turpis adipiscing lorem vitae mattis nibh ligula nec', '절판', '2021-01-24 00:00:00', '2021-09-23 00:00:00'),
	(917, '130205936-X', '여행', 'Otcom', 'Emelyne', 'Skinte', 737, 9899, 'noimage.png', 'velit eu est congue elementum in hac habitasse platea dictumst morbi vestibulum velit', '절판', '2021-08-27 00:00:00', '2021-09-23 00:00:00'),
	(918, '551093641-X', '종교', 'Lotlux', 'Rebecka', 'Trilith', 156, 21392, 'noimage.png', 'in sagittis dui vel nisl duis ac nibh fusce lacus purus aliquet at feugiat non pretium quis lectus suspendisse', '판매중', '2021-08-18 00:00:00', '2021-09-23 00:00:00'),
	(919, '360825073-5', '미술', 'Lotlux', 'Ashli', 'Ainyx', 716, 5039, 'noimage.png', 'pulvinar lobortis est phasellus sit amet erat nulla tempus vivamus in', '판매중', '2021-03-03 00:00:00', '2021-09-23 00:00:00'),
	(920, '655728803-2', '여행', 'Bitchip', 'Jens', 'Youtags', 906, 8404, 'noimage.png', 'ligula nec sem duis aliquam convallis nunc proin at turpis a pede posuere nonummy integer non velit donec diam neque', '판매중', '2020-11-06 00:00:00', '2021-09-23 00:00:00'),
	(921, '514235570-9', '소설', 'Ronstring', 'Chandler', 'Kamba', 809, 19182, 'noimage.png', 'nec dui luctus rutrum nulla tellus in sagittis dui vel nisl duis ac', '절판', '2020-11-23 00:00:00', '2021-09-23 00:00:00'),
	(922, '172555028-8', '외국어', 'Vagram', 'Shelby', 'Mybuzz', 506, 24972, 'noimage.png', 'quam a odio in hac habitasse platea dictumst maecenas ut massa quis augue luctus tincidunt nulla mollis molestie lorem quisque', '품절', '2021-04-23 00:00:00', '2021-09-23 00:00:00'),
	(923, '526406576-4', '종교', 'Holdlamis', 'Connie', 'Wordpedia', 395, 9980, 'noimage.png', 'eleifend luctus ultricies eu nibh quisque id justo sit amet', '구편절판', '2021-07-27 00:00:00', '2021-09-23 00:00:00'),
	(924, '781057787-5', '경제', 'Stim', 'Ed', 'Ooba', 619, 28832, 'noimage.png', 'integer tincidunt ante vel ipsum praesent blandit lacinia erat vestibulum sed magna at nunc commodo placerat praesent blandit nam', '구편절판', '2021-07-02 00:00:00', '2021-09-23 00:00:00'),
	(925, '562464605-4', '만화', 'Rank', 'Ardyth', 'Skimia', 978, 15439, 'noimage.png', 'eu nibh quisque id justo sit amet sapien dignissim vestibulum vestibulum ante ipsum primis in faucibus orci luctus et ultrices', '구편절판', '2021-06-11 00:00:00', '2021-09-23 00:00:00'),
	(926, '172544634-0', '미술', 'Wrapsafe', 'Inga', 'Realcube', 673, 12796, 'noimage.png', 'morbi quis tortor id nulla ultrices aliquet maecenas leo odio condimentum id luctus nec molestie sed justo pellentesque viverra pede', '절판', '2021-02-03 00:00:00', '2021-09-23 00:00:00'),
	(927, '124309735-3', '미술', 'Konklux', 'Shirley', 'LiveZ', 856, 15505, 'noimage.png', 'rutrum nulla nunc purus phasellus in felis donec semper sapien a libero nam dui', '판매중', '2021-06-22 00:00:00', '2021-09-23 00:00:00'),
	(928, '147201382-4', '경제', 'Zoolab', 'Nichole', 'Topicware', 463, 28567, 'noimage.png', 'et ultrices posuere cubilia curae duis faucibus accumsan odio curabitur convallis duis consequat dui nec nisi', '절판', '2021-07-15 00:00:00', '2021-09-23 00:00:00'),
	(929, '666997185-0', '만화', 'Sonsing', 'Morganica', 'Edgeify', 284, 20417, 'noimage.png', 'ante ipsum primis in faucibus orci luctus et ultrices posuere cubilia curae', '절판', '2021-06-22 00:00:00', '2021-09-23 00:00:00'),
	(930, '714186081-9', '여행', 'Job', 'Calley', 'Brightdog', 371, 18306, 'noimage.png', 'sit amet consectetuer adipiscing elit proin interdum mauris non ligula pellentesque ultrices phasellus', '품절', '2021-09-12 00:00:00', '2021-09-23 00:00:00'),
	(931, '675404242-7', '만화', 'Bytecard', 'Sasha', 'Gabvine', 554, 15606, 'noimage.png', 'vivamus tortor duis mattis egestas metus aenean fermentum donec ut mauris', '품절', '2020-10-14 00:00:00', '2021-09-23 00:00:00'),
	(932, '963768065-9', '종교', 'Namfix', 'Levin', 'Jaxbean', 798, 14137, 'noimage.png', 'eleifend quam a odio in hac habitasse platea dictumst maecenas ut massa', '품절', '2021-09-10 00:00:00', '2021-09-23 00:00:00'),
	(933, '323183149-0', '종교', 'Keylex', 'Gerik', 'Zoombeat', 829, 10185, 'noimage.png', 'tellus in sagittis dui vel nisl duis ac nibh fusce lacus purus aliquet at feugiat', '구편절판', '2021-03-18 00:00:00', '2021-09-23 00:00:00'),
	(934, '056764232-1', '미술', 'Voyatouch', 'Ailsun', 'Feedfish', 800, 21015, 'noimage.png', 'phasellus id sapien in sapien iaculis congue vivamus metus arcu', '구편절판', '2021-09-20 00:00:00', '2021-09-23 00:00:00'),
	(935, '173366602-8', '여행', 'Bamity', 'Miner', 'Kwimbee', 282, 20072, 'noimage.png', 'accumsan tellus nisi eu orci mauris lacinia sapien quis libero nullam sit amet turpis elementum ligula', '절판', '2021-05-08 00:00:00', '2021-09-23 00:00:00'),
	(936, '714267867-4', '미술', 'Solarbreeze', 'Di', 'Yadel', 359, 28220, 'noimage.png', 'hac habitasse platea dictumst morbi vestibulum velit id pretium iaculis diam erat', '구편절판', '2020-12-18 00:00:00', '2021-09-23 00:00:00'),
	(937, '416497534-2', '외국어', 'Tres-Zap', 'Kathrine', 'Voolia', 563, 16899, 'noimage.png', 'aenean auctor gravida sem praesent id massa id nisl venenatis lacinia aenean sit amet justo morbi ut', '절판', '2021-09-02 00:00:00', '2021-09-23 00:00:00'),
	(938, '384915676-1', '종교', 'Andalax', 'Winnah', 'Demivee', 341, 20792, 'noimage.png', 'sed lacus morbi sem mauris laoreet ut rhoncus aliquet pulvinar', '구편절판', '2021-05-28 00:00:00', '2021-09-23 00:00:00'),
	(939, '134235406-0', '미술', 'Bamity', 'Eve', 'Kazio', 824, 14269, 'noimage.png', 'sed vestibulum sit amet cursus id turpis integer aliquet massa id lobortis convallis tortor risus dapibus augue vel accumsan tellus', '구편절판', '2020-10-24 00:00:00', '2021-09-23 00:00:00'),
	(940, '280812540-2', '경제', 'Bytecard', 'Linus', 'Kazio', 557, 19829, 'noimage.png', 'sapien quis libero nullam sit amet turpis elementum ligula vehicula consequat', '구편절판', '2020-12-15 00:00:00', '2021-09-23 00:00:00'),
	(941, '261124717-X', '외국어', 'Cardify', 'Vitoria', 'Geba', 531, 17216, 'noimage.png', 'sit amet consectetuer adipiscing elit proin risus praesent lectus vestibulum quam sapien varius ut blandit non interdum in', '구편절판', '2021-07-14 00:00:00', '2021-09-23 00:00:00'),
	(942, '760768904-4', '외국어', 'Latlux', 'Iain', 'Realmix', 127, 21489, 'noimage.png', 'odio curabitur convallis duis consequat dui nec nisi volutpat eleifend donec ut dolor morbi vel lectus', '품절', '2021-02-04 00:00:00', '2021-09-23 00:00:00'),
	(943, '455496308-X', '종교', 'Treeflex', 'Rochette', 'Jabbercube', 463, 28285, 'noimage.png', 'posuere metus vitae ipsum aliquam non mauris morbi non lectus aliquam sit amet diam in magna bibendum imperdiet', '품절', '2021-08-10 00:00:00', '2021-09-23 00:00:00'),
	(944, '509700634-8', '미술', 'Otcom', 'Irwinn', 'Feedfish', 316, 12247, 'noimage.png', 'semper porta volutpat quam pede lobortis ligula sit amet eleifend pede libero', '품절', '2021-02-08 00:00:00', '2021-09-23 00:00:00'),
	(945, '456926273-2', '만화', 'Fix San', 'Corabella', 'Oozz', 276, 21465, 'noimage.png', 'in faucibus orci luctus et ultrices posuere cubilia curae mauris viverra diam vitae quam', '구편절판', '2021-06-09 00:00:00', '2021-09-23 00:00:00'),
	(946, '693953645-0', '미술', 'Alpha', 'Ashton', 'Wikizz', 704, 7306, 'noimage.png', 'semper porta volutpat quam pede lobortis ligula sit amet eleifend pede libero quis orci nullam molestie nibh in lectus pellentesque', '품절', '2021-01-27 00:00:00', '2021-09-23 00:00:00'),
	(947, '882144448-1', '종교', 'Alpha', 'Case', 'Twitterwire', 958, 14221, 'noimage.png', 'eleifend quam a odio in hac habitasse platea dictumst maecenas', '품절', '2021-03-02 00:00:00', '2021-09-23 00:00:00'),
	(948, '963762955-6', '여행', 'Tresom', 'Morry', 'Jatri', 944, 23932, 'noimage.png', 'scelerisque mauris sit amet eros suspendisse accumsan tortor quis turpis sed', '절판', '2021-03-21 00:00:00', '2021-09-23 00:00:00'),
	(949, '451264861-5', '만화', 'Subin', 'Raymond', 'Jaxnation', 348, 20909, 'noimage.png', 'hac habitasse platea dictumst morbi vestibulum velit id pretium iaculis diam erat', '절판', '2021-08-14 00:00:00', '2021-09-23 00:00:00'),
	(950, '584082200-0', '종교', 'Cookley', 'Gabi', 'Talane', 663, 27357, 'noimage.png', 'maecenas tristique est et tempus semper est quam pharetra magna ac', '절판', '2021-04-23 00:00:00', '2021-09-23 00:00:00'),
	(951, '272617683-6', '소설', 'Subin', 'Astra', 'Zoomzone', 619, 22010, 'noimage.png', 'sociis natoque penatibus et magnis dis parturient montes nascetur ridiculus mus vivamus vestibulum sagittis', '판매중', '2020-12-27 00:00:00', '2021-09-23 00:00:00'),
	(952, '859333766-X', '종교', 'Toughjoyfax', 'Nance', 'Yodel', 918, 28111, 'noimage.png', 'vivamus vel nulla eget eros elementum pellentesque quisque porta volutpat erat quisque erat eros viverra eget congue eget', '판매중', '2020-11-17 00:00:00', '2021-09-23 00:00:00'),
	(953, '689935000-9', '여행', 'Sonsing', 'Hobie', 'Dazzlesphere', 253, 29585, 'noimage.png', 'platea dictumst aliquam augue quam sollicitudin vitae consectetuer eget rutrum at lorem integer tincidunt ante vel', '품절', '2021-08-09 00:00:00', '2021-09-23 00:00:00'),
	(954, '990036269-1', '미술', 'Sub-Ex', 'Matty', 'Riffpedia', 935, 18093, 'noimage.png', 'sem mauris laoreet ut rhoncus aliquet pulvinar sed nisl nunc rhoncus dui vel sem sed sagittis nam', '판매중', '2021-02-02 00:00:00', '2021-09-23 00:00:00'),
	(955, '848016830-7', '만화', 'Kanlam', 'Fredelia', 'Oyope', 422, 28765, 'noimage.png', 'iaculis congue vivamus metus arcu adipiscing molestie hendrerit at vulputate vitae nisl aenean lectus pellentesque eget nunc', '품절', '2021-03-17 00:00:00', '2021-09-23 00:00:00'),
	(956, '051844106-7', '미술', 'Solarbreeze', 'Florenza', 'Thoughtmix', 760, 15310, 'noimage.png', 'donec ut dolor morbi vel lectus in quam fringilla rhoncus mauris', '절판', '2021-04-12 00:00:00', '2021-09-23 00:00:00'),
	(957, '506226714-5', '외국어', 'Sonsing', 'Kristal', 'Aibox', 227, 20274, 'noimage.png', 'et magnis dis parturient montes nascetur ridiculus mus etiam vel augue vestibulum rutrum rutrum', '구편절판', '2020-09-25 00:00:00', '2021-09-23 00:00:00'),
	(958, '713213424-8', '미술', 'Matsoft', 'Millicent', 'Kaymbo', 802, 20117, 'noimage.png', 'curae donec pharetra magna vestibulum aliquet ultrices erat tortor sollicitudin mi sit amet', '품절', '2021-02-28 00:00:00', '2021-09-23 00:00:00'),
	(959, '259509004-6', '소설', 'Subin', 'Kean', 'Linkbridge', 299, 5567, 'noimage.png', 'dui proin leo odio porttitor id consequat in consequat ut nulla sed accumsan', '품절', '2021-09-11 00:00:00', '2021-09-23 00:00:00'),
	(960, '069337383-0', '외국어', 'Y-find', 'Nat', 'Avamm', 217, 10246, 'noimage.png', 'magna at nunc commodo placerat praesent blandit nam nulla integer pede justo lacinia eget tincidunt', '품절', '2021-05-11 00:00:00', '2021-09-23 00:00:00'),
	(961, '038232714-4', '외국어', 'Treeflex', 'Hadria', 'Aimbo', 977, 15710, 'noimage.png', 'sodales sed tincidunt eu felis fusce posuere felis sed lacus morbi', '품절', '2021-06-25 00:00:00', '2021-09-23 00:00:00'),
	(962, '102989295-4', '외국어', 'Subin', 'Leonanie', 'Abata', 373, 7291, 'noimage.png', 'eget eleifend luctus ultricies eu nibh quisque id justo sit amet sapien dignissim vestibulum vestibulum ante', '절판', '2021-02-13 00:00:00', '2021-09-23 00:00:00'),
	(963, '577072827-2', '미술', 'Aerified', 'Tymon', 'Layo', 384, 23479, 'noimage.png', 'feugiat non pretium quis lectus suspendisse potenti in eleifend quam', '구편절판', '2021-02-04 00:00:00', '2021-09-23 00:00:00'),
	(964, '683122361-3', '종교', 'Job', 'Petunia', 'Realbuzz', 853, 23971, 'noimage.png', 'ipsum dolor sit amet consectetuer adipiscing elit proin risus praesent', '판매중', '2020-10-24 00:00:00', '2021-09-23 00:00:00'),
	(965, '589907196-6', '소설', 'Cardify', 'Wilden', 'Snaptags', 929, 17115, 'noimage.png', 'viverra eget congue eget semper rutrum nulla nunc purus phasellus in felis donec semper sapien a libero nam', '절판', '2021-08-05 00:00:00', '2021-09-23 00:00:00'),
	(966, '407267135-5', '미술', 'Keylex', 'Chrystal', 'Trudeo', 743, 29832, 'noimage.png', 'dapibus duis at velit eu est congue elementum in hac habitasse platea dictumst morbi vestibulum velit id pretium', '판매중', '2020-10-21 00:00:00', '2021-09-23 00:00:00'),
	(967, '022408457-7', '만화', 'Transcof', 'Nicky', 'Eimbee', 982, 25842, 'noimage.png', 'nullam molestie nibh in lectus pellentesque at nulla suspendisse potenti cras in purus eu magna vulputate luctus', '품절', '2021-07-26 00:00:00', '2021-09-23 00:00:00'),
	(968, '703120417-8', '소설', 'Fixflex', 'Aggi', 'Topicshots', 476, 29001, 'noimage.png', 'diam vitae quam suspendisse potenti nullam porttitor lacus at turpis donec posuere metus vitae ipsum aliquam non mauris', '판매중', '2020-12-09 00:00:00', '2021-09-23 00:00:00'),
	(969, '944417174-4', '미술', 'Zathin', 'Ashien', 'Skaboo', 842, 27541, 'noimage.png', 'aliquam sit amet diam in magna bibendum imperdiet nullam orci pede', '절판', '2021-06-22 00:00:00', '2021-09-23 00:00:00'),
	(970, '280705580-X', '경제', 'Rank', 'Delphine', 'Yodo', 257, 21665, 'noimage.png', 'sapien in sapien iaculis congue vivamus metus arcu adipiscing molestie hendrerit at vulputate vitae nisl', '판매중', '2021-01-28 00:00:00', '2021-09-23 00:00:00'),
	(971, '003325158-4', '종교', 'Duobam', 'Maible', 'Eidel', 898, 29878, 'noimage.png', 'neque libero convallis eget eleifend luctus ultricies eu nibh quisque id justo sit amet sapien dignissim vestibulum', '품절', '2021-03-23 00:00:00', '2021-09-23 00:00:00'),
	(972, '870677650-7', '소설', 'Temp', 'Abby', 'Blogspan', 579, 16277, 'noimage.png', 'ligula pellentesque ultrices phasellus id sapien in sapien iaculis congue vivamus metus arcu adipiscing molestie hendrerit at vulputate vitae', '절판', '2021-01-08 00:00:00', '2021-09-23 00:00:00'),
	(973, '024520381-8', '종교', 'Bitwolf', 'Malory', 'Skyba', 984, 11797, 'noimage.png', 'vestibulum eget vulputate ut ultrices vel augue vestibulum ante ipsum primis in faucibus orci luctus', '판매중', '2021-06-28 00:00:00', '2021-09-23 00:00:00'),
	(974, '848495520-6', '소설', 'Temp', 'Aleta', 'Kwilith', 135, 15314, 'noimage.png', 'in lacus curabitur at ipsum ac tellus semper interdum mauris ullamcorper purus sit', '구편절판', '2021-02-20 00:00:00', '2021-09-23 00:00:00'),
	(975, '927238226-2', '소설', 'Voltsillam', 'Blondelle', 'Skinix', 824, 6748, 'noimage.png', 'nibh in quis justo maecenas rhoncus aliquam lacus morbi quis tortor id nulla ultrices aliquet maecenas leo', '절판', '2021-08-07 00:00:00', '2021-09-23 00:00:00'),
	(976, '310254658-7', '소설', 'Lotlux', 'Brockie', 'Kamba', 981, 12953, 'noimage.png', 'luctus cum sociis natoque penatibus et magnis dis parturient montes nascetur ridiculus mus vivamus vestibulum sagittis sapien cum sociis natoque', '구편절판', '2020-11-29 00:00:00', '2021-09-23 00:00:00'),
	(977, '182147827-4', '종교', 'Sub-Ex', 'Osbert', 'Chatterbridge', 758, 10480, 'noimage.png', 'integer pede justo lacinia eget tincidunt eget tempus vel pede morbi porttitor lorem id', '절판', '2021-05-01 00:00:00', '2021-09-23 00:00:00'),
	(978, '092894536-7', '경제', 'Fix San', 'Candie', 'Quimba', 946, 23024, 'noimage.png', 'nulla tempus vivamus in felis eu sapien cursus vestibulum proin eu mi', '절판', '2021-05-14 00:00:00', '2021-09-23 00:00:00'),
	(979, '306852406-7', '외국어', 'Gembucket', 'Sarena', 'Skilith', 202, 5871, 'noimage.png', 'leo rhoncus sed vestibulum sit amet cursus id turpis integer aliquet massa id lobortis', '품절', '2021-02-05 00:00:00', '2021-09-23 00:00:00'),
	(980, '740923959-X', '종교', 'Tresom', 'Lila', 'Tekfly', 200, 16035, 'noimage.png', 'quam pede lobortis ligula sit amet eleifend pede libero quis orci nullam molestie nibh in lectus pellentesque', '판매중', '2021-09-06 00:00:00', '2021-09-23 00:00:00'),
	(981, '566527334-1', '외국어', 'Domainer', 'Rand', 'Katz', 235, 25752, 'noimage.png', 'interdum eu tincidunt in leo maecenas pulvinar lobortis est phasellus', '구편절판', '2021-01-12 00:00:00', '2021-09-23 00:00:00'),
	(982, '801458748-0', '미술', 'Tin', 'Hurley', 'Edgetag', 664, 15839, 'noimage.png', 'eget vulputate ut ultrices vel augue vestibulum ante ipsum primis', '판매중', '2021-05-23 00:00:00', '2021-09-23 00:00:00'),
	(983, '757818567-5', '외국어', 'Temp', 'Ediva', 'Gabvine', 502, 13933, 'noimage.png', 'donec diam neque vestibulum eget vulputate ut ultrices vel augue vestibulum', '품절', '2021-07-22 00:00:00', '2021-09-23 00:00:00'),
	(984, '619483332-7', '경제', 'Flexidy', 'Chantal', 'Cogibox', 103, 15669, 'noimage.png', 'nulla integer pede justo lacinia eget tincidunt eget tempus vel pede morbi porttitor lorem id ligula suspendisse', '판매중', '2021-08-24 00:00:00', '2021-09-23 00:00:00'),
	(985, '228080619-3', '여행', 'Lotstring', 'Leelah', 'Dazzlesphere', 153, 18978, 'noimage.png', 'eu est congue elementum in hac habitasse platea dictumst morbi vestibulum velit id pretium', '판매중', '2020-10-02 00:00:00', '2021-09-23 00:00:00'),
	(986, '017212513-8', '경제', 'Bitchip', 'Hilarius', 'Jabbertype', 724, 21153, 'noimage.png', 'maecenas tincidunt lacus at velit vivamus vel nulla eget eros elementum pellentesque quisque porta', '구편절판', '2020-11-20 00:00:00', '2021-09-23 00:00:00'),
	(987, '973889007-1', '여행', 'Stringtough', 'Moishe', 'Kazu', 554, 22508, 'noimage.png', 'ut rhoncus aliquet pulvinar sed nisl nunc rhoncus dui vel sem sed sagittis nam', '구편절판', '2021-06-05 00:00:00', '2021-09-23 00:00:00'),
	(988, '416689425-0', '외국어', 'Toughjoyfax', 'Eddie', 'Skiptube', 476, 16746, 'noimage.png', 'fringilla rhoncus mauris enim leo rhoncus sed vestibulum sit amet cursus', '구편절판', '2021-07-14 00:00:00', '2021-09-23 00:00:00'),
	(989, '759179272-5', '소설', 'Opela', 'Wainwright', 'Riffpath', 883, 24841, 'noimage.png', 'turpis eget elit sodales scelerisque mauris sit amet eros suspendisse accumsan tortor', '품절', '2021-06-10 00:00:00', '2021-09-23 00:00:00'),
	(990, '699086120-7', '외국어', 'Namfix', 'Cordy', 'Dynazzy', 918, 8684, 'noimage.png', 'est et tempus semper est quam pharetra magna ac consequat metus sapien ut nunc vestibulum ante ipsum primis in', '판매중', '2020-11-01 00:00:00', '2021-09-23 00:00:00'),
	(991, '899631857-4', '미술', 'Voyatouch', 'Maureene', 'Quimm', 347, 12748, 'noimage.png', 'est phasellus sit amet erat nulla tempus vivamus in felis eu sapien cursus', '구편절판', '2021-06-06 00:00:00', '2021-09-23 00:00:00'),
	(992, '127183877-X', '경제', 'Zamit', 'Karalynn', 'Myworks', 558, 7847, 'noimage.png', 'mus etiam vel augue vestibulum rutrum rutrum neque aenean auctor gravida sem', '판매중', '2021-01-18 00:00:00', '2021-09-23 00:00:00'),
	(993, '042759587-8', '만화', 'Zathin', 'Gabriele', 'Babbleopia', 525, 28876, 'noimage.png', 'nisi eu orci mauris lacinia sapien quis libero nullam sit amet turpis elementum ligula vehicula consequat morbi a ipsum', '판매중', '2021-04-01 00:00:00', '2021-09-23 00:00:00'),
	(994, '034245872-8', '종교', 'Quo Lux', 'Ginni', 'Topicstorm', 522, 18250, 'noimage.png', 'eget massa tempor convallis nulla neque libero convallis eget eleifend luctus ultricies eu nibh quisque id justo sit amet sapien', '구편절판', '2021-04-17 00:00:00', '2021-09-23 00:00:00'),
	(995, '750908762-7', '종교', 'Duobam', 'Lexi', 'Dabshots', 658, 5385, 'noimage.png', 'aliquam convallis nunc proin at turpis a pede posuere nonummy integer non velit', '구편절판', '2021-01-13 00:00:00', '2021-09-23 00:00:00'),
	(996, '626760919-7', '미술', 'Rank', 'Nelly', 'Babbleopia', 268, 21919, 'noimage.png', 'libero nam dui proin leo odio porttitor id consequat in consequat ut nulla sed accumsan felis', '절판', '2020-10-27 00:00:00', '2021-09-23 00:00:00'),
	(997, '631962623-2', '외국어', 'Cardify', 'Annamarie', 'Skivee', 581, 22422, 'noimage.png', 'rhoncus dui vel sem sed sagittis nam congue risus semper porta volutpat quam pede lobortis ligula sit amet eleifend', '품절', '2021-05-20 00:00:00', '2021-09-23 00:00:00'),
	(998, '690047090-4', '미술', 'Keylex', 'Cary', 'Ainyx', 614, 19220, 'noimage.png', 'turpis integer aliquet massa id lobortis convallis tortor risus dapibus augue vel accumsan tellus nisi eu orci mauris', '절판', '2020-12-28 00:00:00', '2021-09-23 00:00:00'),
	(999, '682167919-3', '여행', 'Regrant', 'Josephine', 'Lajo', 886, 6067, 'noimage.png', 'augue luctus tincidunt nulla mollis molestie lorem quisque ut erat curabitur gravida', '절판', '2020-12-21 00:00:00', '2021-09-23 00:00:00'),
	(1000, '290020946-3', '경제', 'Rank', 'Ruthe', 'Wikivu', 833, 10472, 'noimage.png', 'nulla sed vel enim sit amet nunc viverra dapibus nulla suscipit ligula in lacus', '절판', '2021-07-21 00:00:00', '2021-09-23 00:00:00');
/*!40000 ALTER TABLE `ebook` ENABLE KEYS */;

-- 테이블 shop.member 구조 내보내기
DROP TABLE IF EXISTS `member`;
CREATE TABLE IF NOT EXISTS `member` (
  `member_no` int(11) NOT NULL AUTO_INCREMENT,
  `member_id` varchar(50) NOT NULL,
  `member_pw` varchar(200) NOT NULL,
  `member_level` int(11) NOT NULL,
  `member_name` varchar(200) NOT NULL,
  `member_age` int(11) NOT NULL,
  `member_gender` enum('남','여') NOT NULL,
  `update_date` datetime NOT NULL,
  `create_date` datetime NOT NULL,
  PRIMARY KEY (`member_no`),
  UNIQUE KEY `member_id` (`member_id`)
) ENGINE=InnoDB AUTO_INCREMENT=107 DEFAULT CHARSET=utf8mb3;

-- 테이블 데이터 shop.member:~104 rows (대략적) 내보내기
DELETE FROM `member`;
/*!40000 ALTER TABLE `member` DISABLE KEYS */;
INSERT INTO `member` (`member_no`, `member_id`, `member_pw`, `member_level`, `member_name`, `member_age`, `member_gender`, `update_date`, `create_date`) VALUES
	(1, 'admin', '*A4B6157319038724E3560894F7F932C8886EBFCF', 1, '관리자', 100, '남', '2021-09-14 17:02:03', '2021-09-14 17:02:03'),
	(2, 'goodee', '*89C6B530AA78695E257E55D63C00A6EC9AD3E977', 1, '구디', 11, '남', '2021-09-14 18:26:54', '2021-09-14 18:26:54'),
	(4, '819451407-X', '*A4B6157319038724E3560894F7F932C8886EBFCF', 0, 'Auberon', 85, '여', '2021-09-15 00:00:00', '2021-09-15 00:00:00'),
	(5, 'pass', '*A4B6157319038724E3560894F7F932C8886EBFCF', 0, 'pass', 13, '남', '2021-09-15 00:00:00', '2021-09-15 00:00:00'),
	(6, 'toss', '*A4B6157319038724E3560894F7F932C8886EBFCF', 0, 'toss', 73, '남', '2021-09-15 00:00:00', '2021-09-15 00:00:00'),
	(7, '461047695-9', '*A4B6157319038724E3560894F7F932C8886EBFCF', 0, 'Hope', 59, '여', '2021-09-15 00:00:00', '2021-09-15 00:00:00'),
	(8, '609317661-4', '*A4B6157319038724E3560894F7F932C8886EBFCF', 0, 'Flore', 22, '여', '2021-09-15 00:00:00', '2021-09-15 00:00:00'),
	(9, 'tesk', '*A4B6157319038724E3560894F7F932C8886EBFCF', 0, 'tesk', 89, '여', '2021-09-15 00:00:00', '2021-09-15 00:00:00'),
	(10, '236868793-9', '*A4B6157319038724E3560894F7F932C8886EBFCF', 0, 'Antoine', 83, '남', '2021-09-15 00:00:00', '2021-09-15 00:00:00'),
	(11, '244115118-5', '*A4B6157319038724E3560894F7F932C8886EBFCF', 0, 'Conny', 94, '여', '2021-09-15 00:00:00', '2021-09-15 00:00:00'),
	(12, '653324742-5', '*A4B6157319038724E3560894F7F932C8886EBFCF', 0, 'Jim', 62, '여', '2021-09-15 00:00:00', '2021-09-15 00:00:00'),
	(13, '359254524-8', '*89C6B530AA78695E257E55D63C00A6EC9AD3E977', 0, 'Patsy', 71, '남', '2021-09-15 00:00:00', '2021-09-15 00:00:00'),
	(14, '823422001-2', '*A4B6157319038724E3560894F7F932C8886EBFCF', 0, 'Candie', 31, '여', '2021-09-15 00:00:00', '2021-09-15 00:00:00'),
	(15, '545050047-5', '*A4B6157319038724E3560894F7F932C8886EBFCF', 0, 'Ram', 37, '남', '2021-09-15 00:00:00', '2021-09-15 00:00:00'),
	(16, '139625710-1', '*A4B6157319038724E3560894F7F932C8886EBFCF', 0, 'Gabriela', 81, '남', '2021-09-15 00:00:00', '2021-09-15 00:00:00'),
	(17, '434688904-2', '*A4B6157319038724E3560894F7F932C8886EBFCF', 0, 'Osbert', 87, '여', '2021-09-15 00:00:00', '2021-09-15 00:00:00'),
	(18, '025644196-0', '*A4B6157319038724E3560894F7F932C8886EBFCF', 0, 'Kyle', 45, '남', '2021-09-15 00:00:00', '2021-09-15 00:00:00'),
	(19, '137172086-X', '*A4B6157319038724E3560894F7F932C8886EBFCF', 0, 'Tyrone', 33, '여', '2021-09-15 00:00:00', '2021-09-15 00:00:00'),
	(20, '558553027-5', '*A4B6157319038724E3560894F7F932C8886EBFCF', 0, 'Catriona', 74, '남', '2021-09-15 00:00:00', '2021-09-15 00:00:00'),
	(21, '929087459-7', '*A4B6157319038724E3560894F7F932C8886EBFCF', 0, 'Lynne', 80, '남', '2021-09-15 00:00:00', '2021-09-15 00:00:00'),
	(22, '604336239-2', '*A4B6157319038724E3560894F7F932C8886EBFCF', 0, 'Peadar', 92, '남', '2021-09-15 00:00:00', '2021-09-15 00:00:00'),
	(23, '508184048-3', '*A4B6157319038724E3560894F7F932C8886EBFCF', 0, 'Miguela', 72, '남', '2021-09-15 00:00:00', '2021-09-15 00:00:00'),
	(24, '632608956-5', '*A4B6157319038724E3560894F7F932C8886EBFCF', 0, 'Stacee', 13, '여', '2021-09-15 00:00:00', '2021-09-15 00:00:00'),
	(25, '019225337-9', '*A4B6157319038724E3560894F7F932C8886EBFCF', 0, 'Melisandra', 48, '남', '2021-09-15 00:00:00', '2021-09-15 00:00:00'),
	(26, '269190655-8', '*A4B6157319038724E3560894F7F932C8886EBFCF', 0, 'Sergio', 93, '여', '2021-09-15 00:00:00', '2021-09-15 00:00:00'),
	(27, '862113142-0', '*A4B6157319038724E3560894F7F932C8886EBFCF', 0, 'Sukey', 54, '여', '2021-09-15 00:00:00', '2021-09-15 00:00:00'),
	(28, '299285244-9', '*A4B6157319038724E3560894F7F932C8886EBFCF', 0, 'Jaquenette', 100, '여', '2021-09-15 00:00:00', '2021-09-15 00:00:00'),
	(29, '138779586-4', '*A4B6157319038724E3560894F7F932C8886EBFCF', 0, 'Erhart', 69, '남', '2021-09-15 00:00:00', '2021-09-15 00:00:00'),
	(30, '000224821-2', '*A4B6157319038724E3560894F7F932C8886EBFCF', 0, 'Aldrich', 56, '남', '2021-09-15 00:00:00', '2021-09-15 00:00:00'),
	(31, '406199281-3', '*A4B6157319038724E3560894F7F932C8886EBFCF', 0, 'Symon', 73, '여', '2021-09-15 00:00:00', '2021-09-15 00:00:00'),
	(32, '276666776-8', '*A4B6157319038724E3560894F7F932C8886EBFCF', 0, 'Ruthie', 54, '여', '2021-09-15 00:00:00', '2021-09-15 00:00:00'),
	(33, '857630729-4', '*A4B6157319038724E3560894F7F932C8886EBFCF', 0, 'Jerrie', 53, '여', '2021-09-15 00:00:00', '2021-09-15 00:00:00'),
	(34, '406667261-2', '*A4B6157319038724E3560894F7F932C8886EBFCF', 0, 'Adham', 87, '남', '2021-09-15 00:00:00', '2021-09-15 00:00:00'),
	(35, '965957373-1', '*A4B6157319038724E3560894F7F932C8886EBFCF', 0, 'Saree', 65, '남', '2021-09-15 00:00:00', '2021-09-15 00:00:00'),
	(36, '901448925-0', '*A4B6157319038724E3560894F7F932C8886EBFCF', 0, 'Gray', 45, '여', '2021-09-15 00:00:00', '2021-09-15 00:00:00'),
	(37, '152232316-3', '*A4B6157319038724E3560894F7F932C8886EBFCF', 0, 'Caralie', 24, '여', '2021-09-15 00:00:00', '2021-09-15 00:00:00'),
	(38, '272918759-6', '*A4B6157319038724E3560894F7F932C8886EBFCF', 0, 'Charla', 53, '여', '2021-09-15 00:00:00', '2021-09-15 00:00:00'),
	(39, '273303446-4', '*A4B6157319038724E3560894F7F932C8886EBFCF', 0, 'Elenore', 76, '남', '2021-09-15 00:00:00', '2021-09-15 00:00:00'),
	(40, '094790856-0', '*A4B6157319038724E3560894F7F932C8886EBFCF', 0, 'Viki', 99, '남', '2021-09-15 00:00:00', '2021-09-15 00:00:00'),
	(41, '442625726-3', '*A4B6157319038724E3560894F7F932C8886EBFCF', 0, 'Wallie', 24, '여', '2021-09-15 00:00:00', '2021-09-15 00:00:00'),
	(42, '375699977-7', '*A4B6157319038724E3560894F7F932C8886EBFCF', 0, 'Regen', 32, '여', '2021-09-15 00:00:00', '2021-09-15 00:00:00'),
	(43, '680970179-6', '*A4B6157319038724E3560894F7F932C8886EBFCF', 0, 'Lawton', 16, '여', '2021-09-15 00:00:00', '2021-09-15 00:00:00'),
	(44, '847092080-4', '*A4B6157319038724E3560894F7F932C8886EBFCF', 0, 'Petunia', 96, '남', '2021-09-15 00:00:00', '2021-09-15 00:00:00'),
	(45, '744012530-4', '*A4B6157319038724E3560894F7F932C8886EBFCF', 0, 'Rasla', 66, '남', '2021-09-15 00:00:00', '2021-09-15 00:00:00'),
	(46, '619312878-6', '*A4B6157319038724E3560894F7F932C8886EBFCF', 0, 'Kathie', 19, '여', '2021-09-15 00:00:00', '2021-09-15 00:00:00'),
	(47, '861250328-0', '*A4B6157319038724E3560894F7F932C8886EBFCF', 0, 'Gayel', 11, '여', '2021-09-15 00:00:00', '2021-09-15 00:00:00'),
	(48, '331746779-7', '*A4B6157319038724E3560894F7F932C8886EBFCF', 0, 'Abra', 43, '남', '2021-09-15 00:00:00', '2021-09-15 00:00:00'),
	(49, '375163618-8', '*A4B6157319038724E3560894F7F932C8886EBFCF', 0, 'Sondra', 21, '남', '2021-09-15 00:00:00', '2021-09-15 00:00:00'),
	(50, '403770492-7', '*A4B6157319038724E3560894F7F932C8886EBFCF', 0, 'Hilda', 72, '남', '2021-09-15 00:00:00', '2021-09-15 00:00:00'),
	(51, '242116048-0', '*A4B6157319038724E3560894F7F932C8886EBFCF', 0, 'Jobye', 55, '남', '2021-09-15 00:00:00', '2021-09-15 00:00:00'),
	(52, '354460247-4', '*A4B6157319038724E3560894F7F932C8886EBFCF', 0, 'Stanwood', 55, '여', '2021-09-15 00:00:00', '2021-09-15 00:00:00'),
	(53, '457372572-5', '*A4B6157319038724E3560894F7F932C8886EBFCF', 0, 'Camel', 36, '남', '2021-09-15 00:00:00', '2021-09-15 00:00:00'),
	(54, '397804055-7', '*A4B6157319038724E3560894F7F932C8886EBFCF', 0, 'Dewie', 81, '여', '2021-09-15 00:00:00', '2021-09-15 00:00:00'),
	(55, '031936539-5', '*A4B6157319038724E3560894F7F932C8886EBFCF', 0, 'Laurie', 28, '여', '2021-09-15 00:00:00', '2021-09-15 00:00:00'),
	(56, '123617887-4', '*A4B6157319038724E3560894F7F932C8886EBFCF', 0, 'Herb', 90, '여', '2021-09-15 00:00:00', '2021-09-15 00:00:00'),
	(57, '120748512-8', '*A4B6157319038724E3560894F7F932C8886EBFCF', 0, 'Cyril', 78, '남', '2021-09-15 00:00:00', '2021-09-15 00:00:00'),
	(58, '893440828-6', '*A4B6157319038724E3560894F7F932C8886EBFCF', 0, 'Osgood', 15, '여', '2021-09-15 00:00:00', '2021-09-15 00:00:00'),
	(59, '339728312-4', '*A4B6157319038724E3560894F7F932C8886EBFCF', 0, 'Emelen', 69, '여', '2021-09-15 00:00:00', '2021-09-15 00:00:00'),
	(60, '300988287-4', '*A4B6157319038724E3560894F7F932C8886EBFCF', 0, 'Nadean', 44, '남', '2021-09-15 00:00:00', '2021-09-15 00:00:00'),
	(61, '366037778-3', '*A4B6157319038724E3560894F7F932C8886EBFCF', 0, 'Gregor', 10, '남', '2021-09-15 00:00:00', '2021-09-15 00:00:00'),
	(62, '846826736-8', '*A4B6157319038724E3560894F7F932C8886EBFCF', 0, 'Egor', 83, '남', '2021-09-15 00:00:00', '2021-09-15 00:00:00'),
	(63, '749710606-6', '*A4B6157319038724E3560894F7F932C8886EBFCF', 0, 'Bonnibelle', 98, '남', '2021-09-15 00:00:00', '2021-09-15 00:00:00'),
	(64, '834044315-1', '*A4B6157319038724E3560894F7F932C8886EBFCF', 0, 'Geralda', 20, '남', '2021-09-15 00:00:00', '2021-09-15 00:00:00'),
	(65, '663243759-1', '*A4B6157319038724E3560894F7F932C8886EBFCF', 0, 'Dianna', 74, '여', '2021-09-15 00:00:00', '2021-09-15 00:00:00'),
	(66, '588907597-7', '*A4B6157319038724E3560894F7F932C8886EBFCF', 0, 'Scotti', 10, '남', '2021-09-15 00:00:00', '2021-09-15 00:00:00'),
	(67, '212705364-8', '*A4B6157319038724E3560894F7F932C8886EBFCF', 0, 'Desmond', 16, '남', '2021-09-15 00:00:00', '2021-09-15 00:00:00'),
	(68, '611845047-1', '*A4B6157319038724E3560894F7F932C8886EBFCF', 0, 'Hal', 29, '남', '2021-09-15 00:00:00', '2021-09-15 00:00:00'),
	(69, '818934954-6', '*A4B6157319038724E3560894F7F932C8886EBFCF', 0, 'Jyoti', 71, '남', '2021-09-15 00:00:00', '2021-09-15 00:00:00'),
	(70, '766004889-9', '*A4B6157319038724E3560894F7F932C8886EBFCF', 0, 'Florette', 17, '남', '2021-09-15 00:00:00', '2021-09-15 00:00:00'),
	(71, '601757655-0', '*A4B6157319038724E3560894F7F932C8886EBFCF', 0, 'Ame', 59, '남', '2021-09-15 00:00:00', '2021-09-15 00:00:00'),
	(72, '754994555-1', '*A4B6157319038724E3560894F7F932C8886EBFCF', 0, 'Alie', 29, '남', '2021-09-15 00:00:00', '2021-09-15 00:00:00'),
	(73, '203876333-X', '*A4B6157319038724E3560894F7F932C8886EBFCF', 0, 'Knox', 96, '남', '2021-09-15 00:00:00', '2021-09-15 00:00:00'),
	(74, '607119030-4', '*A4B6157319038724E3560894F7F932C8886EBFCF', 0, 'Kristos', 85, '여', '2021-09-15 00:00:00', '2021-09-15 00:00:00'),
	(75, '680345246-8', '*A4B6157319038724E3560894F7F932C8886EBFCF', 0, 'Arnoldo', 73, '남', '2021-09-15 00:00:00', '2021-09-15 00:00:00'),
	(76, '077351622-0', '*A4B6157319038724E3560894F7F932C8886EBFCF', 0, 'Port', 33, '남', '2021-09-15 00:00:00', '2021-09-15 00:00:00'),
	(77, '915354629-6', '*A4B6157319038724E3560894F7F932C8886EBFCF', 0, 'Rikki', 67, '여', '2021-09-15 00:00:00', '2021-09-15 00:00:00'),
	(78, '769257034-5', '*A4B6157319038724E3560894F7F932C8886EBFCF', 0, 'Baudoin', 14, '남', '2021-09-15 00:00:00', '2021-09-15 00:00:00'),
	(79, '658109147-2', '*A4B6157319038724E3560894F7F932C8886EBFCF', 0, 'Stefa', 97, '여', '2021-09-15 00:00:00', '2021-09-15 00:00:00'),
	(80, '875280783-5', '*A4B6157319038724E3560894F7F932C8886EBFCF', 0, 'Trev', 34, '남', '2021-09-15 00:00:00', '2021-09-15 00:00:00'),
	(81, '472365049-0', '*A4B6157319038724E3560894F7F932C8886EBFCF', 0, 'Calla', 86, '남', '2021-09-15 00:00:00', '2021-09-15 00:00:00'),
	(82, '152598998-7', '*A4B6157319038724E3560894F7F932C8886EBFCF', 0, 'Vincent', 46, '남', '2021-09-15 00:00:00', '2021-09-15 00:00:00'),
	(83, '427787683-8', '*A4B6157319038724E3560894F7F932C8886EBFCF', 0, 'Lloyd', 95, '여', '2021-09-15 00:00:00', '2021-09-15 00:00:00'),
	(84, '343293548-X', '*A4B6157319038724E3560894F7F932C8886EBFCF', 0, 'Arda', 47, '남', '2021-09-15 00:00:00', '2021-09-15 00:00:00'),
	(85, '245942712-3', '*A4B6157319038724E3560894F7F932C8886EBFCF', 0, 'Vitoria', 60, '남', '2021-09-15 00:00:00', '2021-09-15 00:00:00'),
	(86, '566236013-8', '*A4B6157319038724E3560894F7F932C8886EBFCF', 0, 'Karim', 34, '여', '2021-09-15 00:00:00', '2021-09-15 00:00:00'),
	(87, '620235249-3', '*A4B6157319038724E3560894F7F932C8886EBFCF', 0, 'Adler', 66, '여', '2021-09-15 00:00:00', '2021-09-15 00:00:00'),
	(88, '067113398-5', '*A4B6157319038724E3560894F7F932C8886EBFCF', 0, 'Dedie', 85, '남', '2021-09-15 00:00:00', '2021-09-15 00:00:00'),
	(89, '873459558-9', '*A4B6157319038724E3560894F7F932C8886EBFCF', 0, 'Helge', 31, '남', '2021-09-15 00:00:00', '2021-09-15 00:00:00'),
	(90, '971421330-4', '*A4B6157319038724E3560894F7F932C8886EBFCF', 0, 'Abbe', 75, '남', '2021-09-15 00:00:00', '2021-09-15 00:00:00'),
	(91, '208419824-0', '*A4B6157319038724E3560894F7F932C8886EBFCF', 0, 'Remy', 84, '남', '2021-09-15 00:00:00', '2021-09-15 00:00:00'),
	(92, '117793021-8', '*A4B6157319038724E3560894F7F932C8886EBFCF', 0, 'Tiffani', 52, '남', '2021-09-15 00:00:00', '2021-09-15 00:00:00'),
	(93, '806410014-3', '*A4B6157319038724E3560894F7F932C8886EBFCF', 0, 'Duane', 39, '남', '2021-09-15 00:00:00', '2021-09-15 00:00:00'),
	(94, '732215781-8', '*A4B6157319038724E3560894F7F932C8886EBFCF', 0, 'Lindsay', 17, '남', '2021-09-15 00:00:00', '2021-09-15 00:00:00'),
	(95, '669600477-7', '*A4B6157319038724E3560894F7F932C8886EBFCF', 0, 'Goldie', 75, '남', '2021-09-15 00:00:00', '2021-09-15 00:00:00'),
	(96, '244000325-5', '*A4B6157319038724E3560894F7F932C8886EBFCF', 0, 'Melita', 13, '남', '2021-09-15 00:00:00', '2021-09-15 00:00:00'),
	(97, '919108769-4', '*A4B6157319038724E3560894F7F932C8886EBFCF', 0, 'Sonni', 49, '여', '2021-09-15 00:00:00', '2021-09-15 00:00:00'),
	(98, '401576853-1', '*A4B6157319038724E3560894F7F932C8886EBFCF', 0, 'Gottfried', 46, '여', '2021-09-15 00:00:00', '2021-09-15 00:00:00'),
	(99, '948927365-1', '*A4B6157319038724E3560894F7F932C8886EBFCF', 0, 'Prescott', 52, '남', '2021-09-15 00:00:00', '2021-09-15 00:00:00'),
	(100, '870332457-5', '*A4B6157319038724E3560894F7F932C8886EBFCF', 0, 'Stu', 18, '여', '2021-09-15 00:00:00', '2021-09-15 00:00:00'),
	(101, '509082010-4', '*A4B6157319038724E3560894F7F932C8886EBFCF', 0, 'Maryjo', 48, '남', '2021-09-15 00:00:00', '2021-09-15 00:00:00'),
	(102, '703394512-4', '*A4B6157319038724E3560894F7F932C8886EBFCF', 0, 'Hermine', 55, '남', '2021-09-15 00:00:00', '2021-09-15 00:00:00'),
	(103, '002720475-8', '*A4B6157319038724E3560894F7F932C8886EBFCF', 0, 'Tracie', 65, '여', '2021-09-15 00:00:00', '2021-09-15 00:00:00'),
	(105, 'test', '*A4B6157319038724E3560894F7F932C8886EBFCF', 0, 'test', 20, '여', '2021-09-17 13:35:17', '2021-09-17 13:35:17'),
	(106, 'tost', '*A4B6157319038724E3560894F7F932C8886EBFCF', 0, 'tost', 55, '여', '2021-09-28 17:34:34', '2021-09-28 17:34:34');
/*!40000 ALTER TABLE `member` ENABLE KEYS */;

-- 테이블 shop.notice 구조 내보내기
DROP TABLE IF EXISTS `notice`;
CREATE TABLE IF NOT EXISTS `notice` (
  `notice_no` int(11) NOT NULL AUTO_INCREMENT,
  `notice_title` varchar(500) NOT NULL,
  `notice_content` text NOT NULL,
  `member_no` int(11) NOT NULL,
  `create_date` datetime NOT NULL,
  `update_date` datetime NOT NULL,
  PRIMARY KEY (`notice_no`) USING BTREE
) ENGINE=InnoDB AUTO_INCREMENT=6 DEFAULT CHARSET=utf8mb3;

-- 테이블 데이터 shop.notice:~3 rows (대략적) 내보내기
DELETE FROM `notice`;
/*!40000 ALTER TABLE `notice` DISABLE KEYS */;
INSERT INTO `notice` (`notice_no`, `notice_title`, `notice_content`, `member_no`, `create_date`, `update_date`) VALUES
	(1, '테스트 입니다', '테스트테스트테스트테스트테스트테스트테스트테스트테스트테스트테스트테스트테스트테스트테스트', 1, '2021-09-29 15:26:35', '2021-09-30 10:02:09'),
	(3, '테스트 입니다', 'adsfadsfadsfadsfdfsafdsf', 1, '2021-09-30 10:27:29', '2021-09-30 10:27:29'),
	(4, '쇼핑몰 안내', '안녕하세요\r\n쇼핑몰', 1, '2021-09-30 16:01:26', '2021-09-30 16:01:26'),
	(5, '이슈 사항', '이슈 사항', 1, '2021-09-30 16:02:57', '2021-09-30 16:03:11');
/*!40000 ALTER TABLE `notice` ENABLE KEYS */;

-- 테이블 shop.orders 구조 내보내기
DROP TABLE IF EXISTS `orders`;
CREATE TABLE IF NOT EXISTS `orders` (
  `order_no` int(11) NOT NULL AUTO_INCREMENT,
  `ebook_no` int(11) NOT NULL,
  `member_no` int(11) NOT NULL,
  `order_price` int(11) NOT NULL,
  `create_date` datetime NOT NULL,
  `update_date` datetime NOT NULL,
  PRIMARY KEY (`order_no`)
) ENGINE=InnoDB AUTO_INCREMENT=58 DEFAULT CHARSET=utf8mb3;

-- 테이블 데이터 shop.orders:~55 rows (대략적) 내보내기
DELETE FROM `orders`;
/*!40000 ALTER TABLE `orders` DISABLE KEYS */;
INSERT INTO `orders` (`order_no`, `ebook_no`, `member_no`, `order_price`, `create_date`, `update_date`) VALUES
	(1, 10, 9, 1000, '2021-09-24 00:00:00', '2021-09-24 00:00:00'),
	(2, 7, 9, 1000, '2021-09-24 00:00:00', '2021-09-24 00:00:00'),
	(3, 6, 6, 1000, '2021-09-24 00:00:00', '2021-09-24 00:00:00'),
	(4, 1, 8, 1000, '2021-09-24 00:00:00', '2021-09-24 00:00:00'),
	(5, 2, 5, 1000, '2021-09-24 00:00:00', '2021-09-24 00:00:00'),
	(6, 1, 9, 1000, '2021-09-24 00:00:00', '2021-09-24 00:00:00'),
	(7, 9, 9, 1000, '2021-09-24 00:00:00', '2021-09-24 00:00:00'),
	(8, 10, 6, 1000, '2021-09-24 00:00:00', '2021-09-24 00:00:00'),
	(9, 5, 8, 1000, '2021-09-24 00:00:00', '2021-09-24 00:00:00'),
	(10, 6, 9, 1000, '2021-09-24 00:00:00', '2021-09-24 00:00:00'),
	(11, 10, 6, 1000, '2021-09-24 00:00:00', '2021-09-24 00:00:00'),
	(12, 6, 5, 1000, '2021-09-24 00:00:00', '2021-09-24 00:00:00'),
	(13, 3, 5, 1000, '2021-09-24 00:00:00', '2021-09-24 00:00:00'),
	(14, 10, 7, 1000, '2021-09-24 00:00:00', '2021-09-24 00:00:00'),
	(15, 4, 9, 1000, '2021-09-24 00:00:00', '2021-09-24 00:00:00'),
	(16, 4, 7, 1000, '2021-09-24 00:00:00', '2021-09-24 00:00:00'),
	(17, 4, 9, 1000, '2021-09-24 00:00:00', '2021-09-24 00:00:00'),
	(18, 4, 9, 1000, '2021-09-24 00:00:00', '2021-09-24 00:00:00'),
	(19, 4, 9, 1000, '2021-09-24 00:00:00', '2021-09-24 00:00:00'),
	(20, 2, 5, 1000, '2021-09-24 00:00:00', '2021-09-24 00:00:00'),
	(21, 1, 8, 1000, '2021-09-24 00:00:00', '2021-09-24 00:00:00'),
	(22, 10, 7, 1000, '2021-09-24 00:00:00', '2021-09-24 00:00:00'),
	(23, 1, 7, 1000, '2021-09-24 00:00:00', '2021-09-24 00:00:00'),
	(24, 10, 9, 1000, '2021-09-24 00:00:00', '2021-09-24 00:00:00'),
	(25, 6, 9, 1000, '2021-09-24 00:00:00', '2021-09-24 00:00:00'),
	(26, 6, 6, 1000, '2021-09-24 00:00:00', '2021-09-24 00:00:00'),
	(27, 3, 8, 1000, '2021-09-24 00:00:00', '2021-09-24 00:00:00'),
	(28, 6, 9, 1000, '2021-09-24 00:00:00', '2021-09-24 00:00:00'),
	(29, 9, 6, 1000, '2021-09-24 00:00:00', '2021-09-24 00:00:00'),
	(30, 10, 7, 1000, '2021-09-24 00:00:00', '2021-09-24 00:00:00'),
	(31, 2, 9, 1000, '2021-09-24 00:00:00', '2021-09-24 00:00:00'),
	(32, 5, 5, 1000, '2021-09-24 00:00:00', '2021-09-24 00:00:00'),
	(33, 1, 7, 1000, '2021-09-24 00:00:00', '2021-09-24 00:00:00'),
	(34, 9, 8, 1000, '2021-09-24 00:00:00', '2021-09-24 00:00:00'),
	(35, 1, 5, 1000, '2021-09-24 00:00:00', '2021-09-24 00:00:00'),
	(36, 8, 5, 1000, '2021-09-24 00:00:00', '2021-09-24 00:00:00'),
	(37, 10, 6, 1000, '2021-09-24 00:00:00', '2021-09-24 00:00:00'),
	(38, 6, 9, 1000, '2021-09-24 00:00:00', '2021-09-24 00:00:00'),
	(39, 8, 5, 1000, '2021-09-24 00:00:00', '2021-09-24 00:00:00'),
	(40, 1, 7, 1000, '2021-09-24 00:00:00', '2021-09-24 00:00:00'),
	(41, 7, 8, 1000, '2021-09-24 00:00:00', '2021-09-24 00:00:00'),
	(42, 5, 7, 1000, '2021-09-24 00:00:00', '2021-09-24 00:00:00'),
	(43, 7, 5, 1000, '2021-09-24 00:00:00', '2021-09-24 00:00:00'),
	(44, 8, 6, 1000, '2021-09-24 00:00:00', '2021-09-24 00:00:00'),
	(45, 3, 6, 1000, '2021-09-24 00:00:00', '2021-09-24 00:00:00'),
	(46, 7, 9, 1000, '2021-09-24 00:00:00', '2021-09-24 00:00:00'),
	(47, 2, 9, 1000, '2021-09-24 00:00:00', '2021-09-24 00:00:00'),
	(48, 4, 9, 1000, '2021-09-24 00:00:00', '2021-09-24 00:00:00'),
	(49, 1, 6, 1000, '2021-09-24 00:00:00', '2021-09-24 00:00:00'),
	(50, 10, 9, 1000, '2021-09-24 00:00:00', '2021-09-24 00:00:00'),
	(51, 120, 5, 1000, '2021-09-28 17:51:55', '2021-09-28 17:51:55'),
	(52, 438, 5, 1000, '2021-09-28 18:01:43', '2021-09-28 18:01:43'),
	(53, 1, 9, 1000, '2021-09-28 18:05:39', '2021-09-28 18:05:39'),
	(54, 132, 9, 1000, '2021-09-28 18:12:33', '2021-09-28 18:12:33'),
	(55, 1, 5, 1000, '2021-09-28 19:01:37', '2021-09-28 19:01:37'),
	(56, 120, 7, 1000, '2021-09-28 19:28:49', '2021-09-28 19:28:49'),
	(57, 132, 5, 11585, '2021-09-29 15:45:13', '2021-09-29 15:45:13');
/*!40000 ALTER TABLE `orders` ENABLE KEYS */;

-- 테이블 shop.order_comment 구조 내보내기
DROP TABLE IF EXISTS `order_comment`;
CREATE TABLE IF NOT EXISTS `order_comment` (
  `order_no` int(11) NOT NULL,
  `ebook_no` int(11) NOT NULL,
  `order_score` int(11) NOT NULL,
  `order_comment_content` text NOT NULL,
  `create_date` datetime NOT NULL,
  `update_date` datetime NOT NULL,
  PRIMARY KEY (`order_no`)
) ENGINE=InnoDB DEFAULT CHARSET=utf8mb3;

-- 테이블 데이터 shop.order_comment:~5 rows (대략적) 내보내기
DELETE FROM `order_comment`;
/*!40000 ALTER TABLE `order_comment` DISABLE KEYS */;
INSERT INTO `order_comment` (`order_no`, `ebook_no`, `order_score`, `order_comment_content`, `create_date`, `update_date`) VALUES
	(5, 2, 2, 'sdafasdadsfads', '2021-09-27 17:08:10', '2021-09-27 17:08:10'),
	(12, 6, 7, '사장님 나이스!', '2021-09-27 17:19:36', '2021-09-27 17:19:36'),
	(13, 3, 5, '나이스!', '2021-09-28 13:38:35', '2021-09-28 13:38:35'),
	(27, 3, 4, '나이스샷!', '2021-09-28 13:39:27', '2021-09-28 13:39:27'),
	(45, 3, 10, '좋아요~', '2021-09-28 13:40:00', '2021-09-28 13:40:00'),
	(55, 1, 7, 'sdfasdfadsfsdf', '2021-09-28 19:19:12', '2021-09-28 19:19:12');
/*!40000 ALTER TABLE `order_comment` ENABLE KEYS */;

-- 테이블 shop.qna 구조 내보내기
DROP TABLE IF EXISTS `qna`;
CREATE TABLE IF NOT EXISTS `qna` (
  `qna_no` int(11) NOT NULL AUTO_INCREMENT,
  `qna_category` enum('전자책관련','개인정보관련','기타') NOT NULL,
  `qna_title` varchar(500) NOT NULL,
  `qna_content` text NOT NULL,
  `qna_secret` enum('Y','N') NOT NULL,
  `member_no` int(11) NOT NULL,
  `create_date` datetime NOT NULL,
  `update_date` datetime NOT NULL,
  PRIMARY KEY (`qna_no`) USING BTREE
) ENGINE=InnoDB AUTO_INCREMENT=8 DEFAULT CHARSET=utf8mb3;

-- 테이블 데이터 shop.qna:~6 rows (대략적) 내보내기
DELETE FROM `qna`;
/*!40000 ALTER TABLE `qna` DISABLE KEYS */;
INSERT INTO `qna` (`qna_no`, `qna_category`, `qna_title`, `qna_content`, `qna_secret`, `member_no`, `create_date`, `update_date`) VALUES
	(1, '전자책관련', 'q1', 'q1', 'N', 91, '2021-09-29 15:17:52', '2021-09-29 15:17:52'),
	(2, '전자책관련', 'q2', 'q2', 'N', 92, '2021-09-29 15:18:04', '2021-09-29 15:18:05'),
	(3, '전자책관련', 'q3', 'q3', 'N', 93, '2021-09-29 15:18:18', '2021-09-29 15:18:18'),
	(4, '개인정보관련', 'q4', 'q4', 'N', 94, '2021-09-29 15:18:27', '2021-09-29 15:18:28'),
	(5, '전자책관련', '어서오세요', '어서오세요어서오세요어서오세요어서오세요어서오세요', 'Y', 5, '2021-09-30 16:22:16', '2021-10-13 01:44:37'),
	(6, '개인정보관련', '질문이 있습니다', '질문이 있습니다질문이 있습니다질문이 있습니다질문이 있습니다질문이 있습니다질문이 있습니다질문이 있습니다질문이 있습니다', 'Y', 5, '2021-09-30 17:43:03', '2021-09-30 17:43:03');
/*!40000 ALTER TABLE `qna` ENABLE KEYS */;

-- 테이블 shop.qna_comment 구조 내보내기
DROP TABLE IF EXISTS `qna_comment`;
CREATE TABLE IF NOT EXISTS `qna_comment` (
  `qna_no` int(11) NOT NULL,
  `qna_comment_content` text NOT NULL,
  `member_no` int(11) NOT NULL,
  `create_date` datetime NOT NULL,
  `update_date` datetime NOT NULL,
  PRIMARY KEY (`qna_no`) USING BTREE
) ENGINE=InnoDB DEFAULT CHARSET=utf8mb3;

-- 테이블 데이터 shop.qna_comment:~4 rows (대략적) 내보내기
DELETE FROM `qna_comment`;
/*!40000 ALTER TABLE `qna_comment` DISABLE KEYS */;
INSERT INTO `qna_comment` (`qna_no`, `qna_comment_content`, `member_no`, `create_date`, `update_date`) VALUES
	(1, '안녕하세요', 1, '2021-10-01 15:13:46', '2021-10-01 15:13:47'),
	(2, 'dsfadsfdsf', 1, '2021-10-12 10:29:37', '2021-10-12 10:29:37'),
	(3, '안녕하세요', 1, '2021-10-12 10:38:40', '2021-10-12 10:38:40'),
	(4, '안녕하세요', 1, '2021-10-12 10:23:44', '2021-10-12 10:23:44'),
	(6, '질문에 답변 했습니다.', 1, '2021-10-12 10:46:13', '2021-10-12 10:46:13');
/*!40000 ALTER TABLE `qna_comment` ENABLE KEYS */;

/*!40101 SET SQL_MODE=IFNULL(@OLD_SQL_MODE, '') */;
/*!40014 SET FOREIGN_KEY_CHECKS=IFNULL(@OLD_FOREIGN_KEY_CHECKS, 1) */;
/*!40101 SET CHARACTER_SET_CLIENT=@OLD_CHARACTER_SET_CLIENT */;
/*!40111 SET SQL_NOTES=IFNULL(@OLD_SQL_NOTES, 1) */;
